physical_gpu,area,probability,move_arm,control_arm,control_mode,readout,target,MOVE_AUROC,control_AUROC,MOVE_minus_control_pp
0,0.1,0.25,CF_MOVE_A10_P25_s17,CF_STATIC_A10_P25_s17,STATIC,PSNR,ped1,0.7687988940381324,0.7590352784202404,0.9763615617891963
0,0.1,0.25,CF_MOVE_A10_P25_s17,CF_STATIC_A10_P25_s17,STATIC,PSNR,ped2,0.9051313984549852,0.9144619522056169,-0.9330553750631632
0,0.1,0.25,CF_MOVE_A10_P25_s17,CF_STATIC_A10_P25_s17,STATIC,PSNR,avenue,0.8438036207784908,0.8459953159398567,-0.21916951613658586
0,0.1,0.25,CF_MOVE_A10_P25_s17,CF_STATIC_A10_P25_s17,STATIC,PSNR,macro,0.8392446377572028,0.8398308488552381,-0.05862110980352497
0,0.1,0.25,CF_MOVE_A10_P25_s17,CF_STATIC_A10_P25_s17,STATIC,NC,ped1,0.4308961534815708,0.5525627139609366,-12.16665604793658
0,0.1,0.25,CF_MOVE_A10_P25_s17,CF_STATIC_A10_P25_s17,STATIC,NC,ped2,0.45407822539888815,0.6326637065915819,-17.858548119269376
0,0.1,0.25,CF_MOVE_A10_P25_s17,CF_STATIC_A10_P25_s17,STATIC,NC,avenue,0.5448013138788702,0.654215197433135,-10.941388355426485
0,0.1,0.25,CF_MOVE_A10_P25_s17,CF_STATIC_A10_P25_s17,STATIC,NC,macro,0.4765918975864431,0.6131472059952179,-13.655530840877478
0,0.1,0.25,CF_MOVE_A10_P25_s17,CF_STATIC_A10_P25_s17,STATIC,NC_GAP,ped1,0.451887665340375,0.5235354678807406,-7.164780254036557
0,0.1,0.25,CF_MOVE_A10_P25_s17,CF_STATIC_A10_P25_s17,STATIC,NC_GAP,ped2,0.41724785214063964,0.5146460544365028,-9.739820229586316
0,0.1,0.25,CF_MOVE_A10_P25_s17,CF_STATIC_A10_P25_s17,STATIC,NC_GAP,avenue,0.47852305728605554,0.582849969553609,-10.432691226755347
0,0.1,0.25,CF_MOVE_A10_P25_s17,CF_STATIC_A10_P25_s17,STATIC,NC_GAP,macro,0.4492195249223567,0.5403438306236175,-9.112430570126072
0,0.1,0.25,CF_MOVE_A10_P25_s17,CF_STATIC_A10_P25_s17,STATIC,LOCAL,ped1,0.7423739183923739,0.7321192103623321,1.0254708030041804
0,0.1,0.25,CF_MOVE_A10_P25_s17,CF_STATIC_A10_P25_s17,STATIC,LOCAL,ped2,0.8975669626741751,0.9013681322648184,-0.38011695906432497
0,0.1,0.25,CF_MOVE_A10_P25_s17,CF_STATIC_A10_P25_s17,STATIC,LOCAL,avenue,0.8335165581526067,0.83928137149281,-0.576481334020329
0,0.1,0.25,CF_MOVE_A10_P25_s17,CF_STATIC_A10_P25_s17,STATIC,LOCAL,macro,0.824485813073052,0.8242562380399868,0.02295750330651991
0,0.1,0.25,CF_MOVE_A10_P25_s17,CF_STATIC_A10_P25_s17,STATIC,FUSION,ped1,0.772562831734785,0.7725409945003702,0.002183723441484542
0,0.1,0.25,CF_MOVE_A10_P25_s17,CF_STATIC_A10_P25_s17,STATIC,FUSION,ped2,0.8898743773012779,0.8787993646668111,1.1075012634466863
0,0.1,0.25,CF_MOVE_A10_P25_s17,CF_STATIC_A10_P25_s17,STATIC,FUSION,avenue,0.8429844255000234,0.8434341889549862,-0.04497634549628371
0,0.1,0.25,CF_MOVE_A10_P25_s17,CF_STATIC_A10_P25_s17,STATIC,FUSION,macro,0.835140544845362,0.8315915160407225,0.3549028804639587
0,0.1,0.25,CF_MOVE_A10_P25_s17,CF_STATIC_A10_P25_s17,STATIC,PSNR_FROZEN,ped1,0.7455857911740441,0.7401523682807872,0.5433422893256878
0,0.1,0.25,CF_MOVE_A10_P25_s17,CF_STATIC_A10_P25_s17,STATIC,PSNR_FROZEN,ped2,0.807555411161649,0.7715670348711284,3.598837629052054
0,0.1,0.25,CF_MOVE_A10_P25_s17,CF_STATIC_A10_P25_s17,STATIC,PSNR_FROZEN,avenue,0.8647076443861539,0.8715835402126564,-0.6875895826502498
0,0.1,0.25,CF_MOVE_A10_P25_s17,CF_STATIC_A10_P25_s17,STATIC,PSNR_FROZEN,macro,0.8059496155739491,0.7944343144548572,1.1515301119091825
0,0.1,0.25,CF_MOVE_A10_P25_s17,CF_STATIC_A10_P25_s17,STATIC,FUSION_FROZEN,ped1,0.7450370386485516,0.7372720615976857,0.7764977050865984
0,0.1,0.25,CF_MOVE_A10_P25_s17,CF_STATIC_A10_P25_s17,STATIC,FUSION_FROZEN,ped2,0.7970543643058263,0.7209840444733232,7.607031983250312
0,0.1,0.25,CF_MOVE_A10_P25_s17,CF_STATIC_A10_P25_s17,STATIC,FUSION_FROZEN,avenue,0.8754836526300998,0.8840602370134433,-0.8576584383343522
0,0.1,0.25,CF_MOVE_A10_P25_s17,CF_STATIC_A10_P25_s17,STATIC,FUSION_FROZEN,macro,0.8058583518614926,0.7807721143614841,2.508623750000849
0,0.1,0.25,CF_MOVE_A10_P25_s17,CF_SHUFFLE_A10_P25_s17,SHUFFLE,PSNR,ped1,0.7687988940381324,0.7632438941824872,0.5554999855645226
0,0.1,0.25,CF_MOVE_A10_P25_s17,CF_SHUFFLE_A10_P25_s17,SHUFFLE,PSNR,ped2,0.9051313984549852,0.9066935600317667,-0.15621615767814623
0,0.1,0.25,CF_MOVE_A10_P25_s17,CF_SHUFFLE_A10_P25_s17,SHUFFLE,PSNR,avenue,0.8438036207784908,0.8481816478523584,-0.4378027073867585
0,0.1,0.25,CF_MOVE_A10_P25_s17,CF_SHUFFLE_A10_P25_s17,SHUFFLE,PSNR,macro,0.8392446377572028,0.839373034022204,-0.012839626500116275
0,0.1,0.25,CF_MOVE_A10_P25_s17,CF_SHUFFLE_A10_P25_s17,SHUFFLE,NC,ped1,0.4308961534815708,0.4243340645399054,0.6562088941665378
0,0.1,0.25,CF_MOVE_A10_P25_s17,CF_SHUFFLE_A10_P25_s17,SHUFFLE,NC,ped2,0.45407822539888815,0.4300420547252906,2.4036170673597534
0,0.1,0.25,CF_MOVE_A10_P25_s17,CF_SHUFFLE_A10_P25_s17,SHUFFLE,NC,avenue,0.5448013138788702,0.5880145088762939,-4.321319499742371
0,0.1,0.25,CF_MOVE_A10_P25_s17,CF_SHUFFLE_A10_P25_s17,SHUFFLE,NC,macro,0.4765918975864431,0.4807968760471633,-0.420497846072021
0,0.1,0.25,CF_MOVE_A10_P25_s17,CF_SHUFFLE_A10_P25_s17,SHUFFLE,NC_GAP,ped1,0.451887665340375,0.4474962547507231,0.4391410589651923
0,0.1,0.25,CF_MOVE_A10_P25_s17,CF_SHUFFLE_A10_P25_s17,SHUFFLE,NC_GAP,ped2,0.41724785214063964,0.4424139051332034,-2.5166052992563746
0,0.1,0.25,CF_MOVE_A10_P25_s17,CF_SHUFFLE_A10_P25_s17,SHUFFLE,NC_GAP,avenue,0.47852305728605554,0.523118366199822,-4.459530891376645
0,0.1,0.25,CF_MOVE_A10_P25_s17,CF_SHUFFLE_A10_P25_s17,SHUFFLE,NC_GAP,macro,0.4492195249223567,0.47100950869458286,-2.178998377222613
0,0.1,0.25,CF_MOVE_A10_P25_s17,CF_SHUFFLE_A10_P25_s17,SHUFFLE,LOCAL,ped1,0.7423739183923739,0.7382483986232564,0.41255197691174583
0,0.1,0.25,CF_MOVE_A10_P25_s17,CF_SHUFFLE_A10_P25_s17,SHUFFLE,LOCAL,ped2,0.8975669626741751,0.8933804418453541,0.4186520828820983
0,0.1,0.25,CF_MOVE_A10_P25_s17,CF_SHUFFLE_A10_P25_s17,SHUFFLE,LOCAL,avenue,0.8335165581526067,0.8374454072790295,-0.3928849126422773
0,0.1,0.25,CF_MOVE_A10_P25_s17,CF_SHUFFLE_A10_P25_s17,SHUFFLE,LOCAL,macro,0.824485813073052,0.8230247492492134,0.1461063823838593
0,0.1,0.25,CF_MOVE_A10_P25_s17,CF_SHUFFLE_A10_P25_s17,SHUFFLE,FUSION,ped1,0.772562831734785,0.7596526505699804,1.291018116480458
0,0.1,0.25,CF_MOVE_A10_P25_s17,CF_SHUFFLE_A10_P25_s17,SHUFFLE,FUSION,ped2,0.8898743773012779,0.9050339325680457,-1.515955526676771
0,0.1,0.25,CF_MOVE_A10_P25_s17,CF_SHUFFLE_A10_P25_s17,SHUFFLE,FUSION,avenue,0.8429844255000234,0.8502114150545693,-0.7226989554545926
0,0.1,0.25,CF_MOVE_A10_P25_s17,CF_SHUFFLE_A10_P25_s17,SHUFFLE,FUSION,macro,0.835140544845362,0.8382993327308651,-0.3158787885503056
0,0.1,0.25,CF_MOVE_A10_P25_s17,CF_SHUFFLE_A10_P25_s17,SHUFFLE,PSNR_FROZEN,ped1,0.7455857911740441,0.7346527384914299,1.0933052682614242
0,0.1,0.25,CF_MOVE_A10_P25_s17,CF_SHUFFLE_A10_P25_s17,SHUFFLE,PSNR_FROZEN,ped2,0.807555411161649,0.7723593964334705,3.519601472817846
0,0.1,0.25,CF_MOVE_A10_P25_s17,CF_SHUFFLE_A10_P25_s17,SHUFFLE,PSNR_FROZEN,avenue,0.8647076443861539,0.8762981989788748,-1.1590554592720959
0,0.1,0.25,CF_MOVE_A10_P25_s17,CF_SHUFFLE_A10_P25_s17,SHUFFLE,PSNR_FROZEN,macro,0.8059496155739491,0.794436777967925,1.1512837606024062
0,0.1,0.25,CF_MOVE_A10_P25_s17,CF_SHUFFLE_A10_P25_s17,SHUFFLE,FUSION_FROZEN,ped1,0.7450370386485516,0.7322482708713457,1.2788767777205945
0,0.1,0.25,CF_MOVE_A10_P25_s17,CF_SHUFFLE_A10_P25_s17,SHUFFLE,FUSION_FROZEN,ped2,0.7970543643058263,0.7502093711645369,4.684499314128942
0,0.1,0.25,CF_MOVE_A10_P25_s17,CF_SHUFFLE_A10_P25_s17,SHUFFLE,FUSION_FROZEN,avenue,0.8754836526300998,0.8848083282589349,-0.93246756288351
0,0.1,0.25,CF_MOVE_A10_P25_s17,CF_SHUFFLE_A10_P25_s17,SHUFFLE,FUSION_FROZEN,macro,0.8058583518614926,0.7890886567649392,1.676969509655335
0,0.1,0.25,CF_MOVE_A10_P25_s17,CF_NOISE_A10_P25_s17,NOISE,PSNR,ped1,0.7687988940381324,0.7402012362491875,2.8597657788944852
0,0.1,0.25,CF_MOVE_A10_P25_s17,CF_NOISE_A10_P25_s17,NOISE,PSNR,ped2,0.9051313984549852,0.8955643996823334,0.956699877265188
0,0.1,0.25,CF_MOVE_A10_P25_s17,CF_NOISE_A10_P25_s17,NOISE,PSNR,avenue,0.8438036207784908,0.8461582978125439,-0.2354677034053121
0,0.1,0.25,CF_MOVE_A10_P25_s17,CF_NOISE_A10_P25_s17,NOISE,PSNR,macro,0.8392446377572028,0.8273079779146882,1.1936659842514574
0,0.1,0.25,CF_MOVE_A10_P25_s17,CF_NOISE_A10_P25_s17,NOISE,NC,ped1,0.4308961534815708,0.45412659527335925,-2.323044179178846
0,0.1,0.25,CF_MOVE_A10_P25_s17,CF_NOISE_A10_P25_s17,NOISE,NC,ped2,0.45407822539888815,0.42136488340192046,3.271334199696768
0,0.1,0.25,CF_MOVE_A10_P25_s17,CF_NOISE_A10_P25_s17,NOISE,NC,avenue,0.5448013138788702,0.605700489484285,-6.08991756054148
0,0.1,0.25,CF_MOVE_A10_P25_s17,CF_NOISE_A10_P25_s17,NOISE,NC,macro,0.4765918975864431,0.4937306560531882,-1.7138758466745119
0,0.1,0.25,CF_MOVE_A10_P25_s17,CF_NOISE_A10_P25_s17,NOISE,NC_GAP,ped1,0.451887665340375,0.5058222810618915,-5.3934615721516534
0,0.1,0.25,CF_MOVE_A10_P25_s17,CF_NOISE_A10_P25_s17,NOISE,NC_GAP,ped2,0.41724785214063964,0.49811475705725217,-8.086690491661253
0,0.1,0.25,CF_MOVE_A10_P25_s17,CF_NOISE_A10_P25_s17,NOISE,NC_GAP,avenue,0.47852305728605554,0.5705625087826127,-9.203945149655718
0,0.1,0.25,CF_MOVE_A10_P25_s17,CF_NOISE_A10_P25_s17,NOISE,NC_GAP,macro,0.4492195249223567,0.5248331823005855,-7.561365737822879
0,0.1,0.25,CF_MOVE_A10_P25_s17,CF_NOISE_A10_P25_s17,NOISE,LOCAL,ped1,0.7423739183923739,0.7127661453838009,2.960777300857298
0,0.1,0.25,CF_MOVE_A10_P25_s17,CF_NOISE_A10_P25_s17,NOISE,LOCAL,ped2,0.8975669626741751,0.875917803768681,2.1649158905494126
0,0.1,0.25,CF_MOVE_A10_P25_s17,CF_NOISE_A10_P25_s17,NOISE,LOCAL,avenue,0.8335165581526067,0.8404670710571924,-0.6950512904585704
0,0.1,0.25,CF_MOVE_A10_P25_s17,CF_NOISE_A10_P25_s17,NOISE,LOCAL,macro,0.824485813073052,0.8097170067365581,1.4768806336493912
0,0.1,0.25,CF_MOVE_A10_P25_s17,CF_NOISE_A10_P25_s17,NOISE,FUSION,ped1,0.772562831734785,0.740828218417818,3.173461331696703
0,0.1,0.25,CF_MOVE_A10_P25_s17,CF_NOISE_A10_P25_s17,NOISE,FUSION,ped2,0.8898743773012779,0.8888952061223017,0.09791711789762791
0,0.1,0.25,CF_MOVE_A10_P25_s17,CF_NOISE_A10_P25_s17,NOISE,FUSION,avenue,0.8429844255000234,0.8495200243571127,-0.653559885708932
0,0.1,0.25,CF_MOVE_A10_P25_s17,CF_NOISE_A10_P25_s17,NOISE,FUSION,macro,0.835140544845362,0.8264144829657442,0.8726061879617886
0,0.1,0.25,CF_MOVE_A10_P25_s17,CF_NOISE_A10_P25_s17,NOISE,PSNR_FROZEN,ped1,0.7455857911740441,0.7225364266743699,2.3049364499674208
0,0.1,0.25,CF_MOVE_A10_P25_s17,CF_NOISE_A10_P25_s17,NOISE,PSNR_FROZEN,ped2,0.807555411161649,0.756965201068515,5.059021009313403
0,0.1,0.25,CF_MOVE_A10_P25_s17,CF_NOISE_A10_P25_s17,NOISE,PSNR_FROZEN,avenue,0.8647076443861539,0.8631189517073399,0.15886926788140077
0,0.1,0.25,CF_MOVE_A10_P25_s17,CF_NOISE_A10_P25_s17,NOISE,PSNR_FROZEN,macro,0.8059496155739491,0.7808735264834082,2.507608909054082
0,0.1,0.25,CF_MOVE_A10_P25_s17,CF_NOISE_A10_P25_s17,NOISE,FUSION_FROZEN,ped1,0.7450370386485516,0.7208527513647658,2.4184287283785855
0,0.1,0.25,CF_MOVE_A10_P25_s17,CF_NOISE_A10_P25_s17,NOISE,FUSION_FROZEN,ped2,0.7970543643058263,0.7330138618150314,6.404050249079496
0,0.1,0.25,CF_MOVE_A10_P25_s17,CF_NOISE_A10_P25_s17,NOISE,FUSION_FROZEN,avenue,0.8754836526300998,0.8829529954564617,-0.7469342826361913
0,0.1,0.25,CF_MOVE_A10_P25_s17,CF_NOISE_A10_P25_s17,NOISE,FUSION_FROZEN,macro,0.8058583518614926,0.7789398695454196,2.6918482316072967
0,0.1,0.25,CF_MOVE_A10_P25_s17,CF_SELF_A10_P25_s17,SELF,PSNR,ped1,0.7687988940381324,0.7645882335910155,0.4210660447116932
0,0.1,0.25,CF_MOVE_A10_P25_s17,CF_SELF_A10_P25_s17,SELF,PSNR,ped2,0.9051313984549852,0.9042244242292975,0.09069742256877511
0,0.1,0.25,CF_MOVE_A10_P25_s17,CF_SELF_A10_P25_s17,SELF,PSNR,avenue,0.8438036207784908,0.8384014239542835,0.5402196824207284
0,0.1,0.25,CF_MOVE_A10_P25_s17,CF_SELF_A10_P25_s17,SELF,PSNR,macro,0.8392446377572028,0.8357380272581988,0.3506610499004026
0,0.1,0.25,CF_MOVE_A10_P25_s17,CF_SELF_A10_P25_s17,SELF,NC,ped1,0.4308961534815708,0.4849611792041154,-5.406502572254462
0,0.1,0.25,CF_MOVE_A10_P25_s17,CF_SELF_A10_P25_s17,SELF,NC,ped2,0.45407822539888815,0.46282217890405025,-0.8743953505162105
0,0.1,0.25,CF_MOVE_A10_P25_s17,CF_SELF_A10_P25_s17,SELF,NC,avenue,0.5448013138788702,0.5423270176589068,0.24742962199634233
0,0.1,0.25,CF_MOVE_A10_P25_s17,CF_SELF_A10_P25_s17,SELF,NC,macro,0.4765918975864431,0.49670345858902415,-2.0111561002581047
0,0.1,0.25,CF_MOVE_A10_P25_s17,CF_SELF_A10_P25_s17,SELF,NC_GAP,ped1,0.451887665340375,0.46566765544900746,-1.3779990108632456
0,0.1,0.25,CF_MOVE_A10_P25_s17,CF_SELF_A10_P25_s17,SELF,NC_GAP,ped2,0.41724785214063964,0.5171548985632807,-9.990704642264102
0,0.1,0.25,CF_MOVE_A10_P25_s17,CF_SELF_A10_P25_s17,SELF,NC_GAP,avenue,0.47852305728605554,0.5484196683685418,-6.9896611082486295
0,0.1,0.25,CF_MOVE_A10_P25_s17,CF_SELF_A10_P25_s17,SELF,NC_GAP,macro,0.4492195249223567,0.5104140741269433,-6.119454920458656
0,0.1,0.25,CF_MOVE_A10_P25_s17,CF_SELF_A10_P25_s17,SELF,LOCAL,ped1,0.7423739183923739,0.7365010518267909,0.5872866565582946
0,0.1,0.25,CF_MOVE_A10_P25_s17,CF_SELF_A10_P25_s17,SELF,LOCAL,ped2,0.8975669626741751,0.8918985993791062,0.5668363295068923
0,0.1,0.25,CF_MOVE_A10_P25_s17,CF_SELF_A10_P25_s17,SELF,LOCAL,avenue,0.8335165581526067,0.8284066818117944,0.510987634081228
0,0.1,0.25,CF_MOVE_A10_P25_s17,CF_SELF_A10_P25_s17,SELF,LOCAL,macro,0.824485813073052,0.8189354443392305,0.5550368733821531
0,0.1,0.25,CF_MOVE_A10_P25_s17,CF_SELF_A10_P25_s17,SELF,FUSION,ped1,0.772562831734785,0.7655337367687419,0.7029094966043092
0,0.1,0.25,CF_MOVE_A10_P25_s17,CF_SELF_A10_P25_s17,SELF,FUSION,ped2,0.8898743773012779,0.8883943397588622,0.14800375424157686
0,0.1,0.25,CF_MOVE_A10_P25_s17,CF_SELF_A10_P25_s17,SELF,FUSION,avenue,0.8429844255000234,0.8402489577966181,0.273546770340527
0,0.1,0.25,CF_MOVE_A10_P25_s17,CF_SELF_A10_P25_s17,SELF,FUSION,macro,0.835140544845362,0.8313923447747408,0.3748200070621266
0,0.1,0.25,CF_MOVE_A10_P25_s17,CF_SELF_A10_P25_s17,SELF,PSNR_FROZEN,ped1,0.7455857911740441,0.7427417980942392,0.2843993079804874
0,0.1,0.25,CF_MOVE_A10_P25_s17,CF_SELF_A10_P25_s17,SELF,PSNR_FROZEN,ped2,0.807555411161649,0.7738159699660674,3.3739441195581588
0,0.1,0.25,CF_MOVE_A10_P25_s17,CF_SELF_A10_P25_s17,SELF,PSNR_FROZEN,avenue,0.8647076443861539,0.8614695301887676,0.3238114197386288
0,0.1,0.25,CF_MOVE_A10_P25_s17,CF_SELF_A10_P25_s17,SELF,PSNR_FROZEN,macro,0.8059496155739491,0.7926757660830247,1.327384949092436
0,0.1,0.25,CF_MOVE_A10_P25_s17,CF_SELF_A10_P25_s17,SELF,FUSION_FROZEN,ped1,0.7450370386485516,0.7410708407245283,0.3966197924023307
0,0.1,0.25,CF_MOVE_A10_P25_s17,CF_SELF_A10_P25_s17,SELF,FUSION_FROZEN,ped2,0.7970543643058263,0.7357591509638294,6.129521334199694
0,0.1,0.25,CF_MOVE_A10_P25_s17,CF_SELF_A10_P25_s17,SELF,FUSION_FROZEN,avenue,0.8754836526300998,0.876989086139866,-0.15054335097662852
0,0.1,0.25,CF_MOVE_A10_P25_s17,CF_SELF_A10_P25_s17,SELF,FUSION_FROZEN,macro,0.8058583518614926,0.7846063592760745,2.12519925854181
0,0.1,0.25,CF_MOVE_A10_P25_s17,CF_PHOTO_A10_P25_s17,PHOTO,PSNR,ped1,0.7687988940381324,0.754741399298902,1.4057494739230347
0,0.1,0.25,CF_MOVE_A10_P25_s17,CF_PHOTO_A10_P25_s17,PHOTO,PSNR,ped2,0.9051313984549852,0.9091374269005847,-0.40060284455994966
0,0.1,0.25,CF_MOVE_A10_P25_s17,CF_PHOTO_A10_P25_s17,PHOTO,PSNR,avenue,0.8438036207784908,0.8475096608740457,-0.37060400955548634
0,0.1,0.25,CF_MOVE_A10_P25_s17,CF_PHOTO_A10_P25_s17,PHOTO,PSNR,macro,0.8392446377572028,0.8371294956911774,0.21151420660253661
0,0.1,0.25,CF_MOVE_A10_P25_s17,CF_PHOTO_A10_P25_s17,PHOTO,NC,ped1,0.4308961534815708,0.4328201610508306,-0.19240075692598113
0,0.1,0.25,CF_MOVE_A10_P25_s17,CF_PHOTO_A10_P25_s17,PHOTO,NC,ped2,0.45407822539888815,0.3932378528626092,6.084037253627894
0,0.1,0.25,CF_MOVE_A10_P25_s17,CF_PHOTO_A10_P25_s17,PHOTO,NC,avenue,0.5448013138788702,0.6205834933720549,-7.578217949318466
0,0.1,0.25,CF_MOVE_A10_P25_s17,CF_PHOTO_A10_P25_s17,PHOTO,NC,macro,0.4765918975864431,0.4822138357618315,-0.5621938175388419
0,0.1,0.25,CF_MOVE_A10_P25_s17,CF_PHOTO_A10_P25_s17,PHOTO,NC_GAP,ped1,0.451887665340375,0.5247728293768544,-7.288516403647943
0,0.1,0.25,CF_MOVE_A10_P25_s17,CF_PHOTO_A10_P25_s17,PHOTO,NC_GAP,ped2,0.41724785214063964,0.4807152913147065,-6.346743917406688
0,0.1,0.25,CF_MOVE_A10_P25_s17,CF_PHOTO_A10_P25_s17,PHOTO,NC_GAP,avenue,0.47852305728605554,0.5251428521242213,-4.661979483816575
0,0.1,0.25,CF_MOVE_A10_P25_s17,CF_PHOTO_A10_P25_s17,PHOTO,NC_GAP,macro,0.4492195249223567,0.5102103242719274,-6.0990799349570635
0,0.1,0.25,CF_MOVE_A10_P25_s17,CF_PHOTO_A10_P25_s17,PHOTO,LOCAL,ped1,0.7423739183923739,0.721000295825007,2.1373622567366857
0,0.1,0.25,CF_MOVE_A10_P25_s17,CF_PHOTO_A10_P25_s17,PHOTO,LOCAL,ped2,0.8975669626741751,0.8961573171612158,0.1409645512959301
0,0.1,0.25,CF_MOVE_A10_P25_s17,CF_PHOTO_A10_P25_s17,PHOTO,LOCAL,avenue,0.8335165581526067,0.8386213405780131,-0.5104782425406351
0,0.1,0.25,CF_MOVE_A10_P25_s17,CF_PHOTO_A10_P25_s17,PHOTO,LOCAL,macro,0.824485813073052,0.818592984521412,0.5892828551639973
0,0.1,0.25,CF_MOVE_A10_P25_s17,CF_PHOTO_A10_P25_s17,PHOTO,FUSION,ped1,0.772562831734785,0.7538166701194579,1.8746161615327162
0,0.1,0.25,CF_MOVE_A10_P25_s17,CF_PHOTO_A10_P25_s17,PHOTO,FUSION,ped2,0.8898743773012779,0.9069209804346257,-1.7046603133347715
0,0.1,0.25,CF_MOVE_A10_P25_s17,CF_PHOTO_A10_P25_s17,PHOTO,FUSION,avenue,0.8429844255000234,0.8541884397395663,-1.120401423954287
0,0.1,0.25,CF_MOVE_A10_P25_s17,CF_PHOTO_A10_P25_s17,PHOTO,FUSION,macro,0.835140544845362,0.83830869676455,-0.3168151919187956
0,0.1,0.25,CF_MOVE_A10_P25_s17,CF_PHOTO_A10_P25_s17,PHOTO,PSNR_FROZEN,ped1,0.7455857911740441,0.7365235433603643,0.9062247813679813
0,0.1,0.25,CF_MOVE_A10_P25_s17,CF_PHOTO_A10_P25_s17,PHOTO,PSNR_FROZEN,ped2,0.807555411161649,0.7893184607609559,1.8236950400693064
0,0.1,0.25,CF_MOVE_A10_P25_s17,CF_PHOTO_A10_P25_s17,PHOTO,PSNR_FROZEN,avenue,0.8647076443861539,0.8742814534638624,-0.957380907770855
0,0.1,0.25,CF_MOVE_A10_P25_s17,CF_PHOTO_A10_P25_s17,PHOTO,PSNR_FROZEN,macro,0.8059496155739491,0.8000411525283941,0.5908463045554924
0,0.1,0.25,CF_MOVE_A10_P25_s17,CF_PHOTO_A10_P25_s17,PHOTO,FUSION_FROZEN,ped1,0.7450370386485516,0.7361521468005221,0.8884891848029541
0,0.1,0.25,CF_MOVE_A10_P25_s17,CF_PHOTO_A10_P25_s17,PHOTO,FUSION_FROZEN,ped2,0.7970543643058263,0.7730741462710273,2.3980218034798995
0,0.1,0.25,CF_MOVE_A10_P25_s17,CF_PHOTO_A10_P25_s17,PHOTO,FUSION_FROZEN,avenue,0.8754836526300998,0.8889632067075741,-1.3479554077474365
0,0.1,0.25,CF_MOVE_A10_P25_s17,CF_PHOTO_A10_P25_s17,PHOTO,FUSION_FROZEN,macro,0.8058583518614926,0.7993964999263744,0.6461851935118168
0,0.1,0.5,CF_MOVE_A10_P50_s17,CF_STATIC_A10_P50_s17,STATIC,PSNR,ped1,0.7773199955540372,0.7414048604449415,3.591513510909572
0,0.1,0.5,CF_MOVE_A10_P50_s17,CF_STATIC_A10_P50_s17,STATIC,PSNR,ped2,0.9153535845787307,0.8880107934445166,2.7342791134214117
0,0.1,0.5,CF_MOVE_A10_P50_s17,CF_STATIC_A10_P50_s17,STATIC,PSNR,avenue,0.8252375872406201,0.7468207175980139,7.841686964260619
0,0.1,0.5,CF_MOVE_A10_P50_s17,CF_STATIC_A10_P50_s17,STATIC,PSNR,macro,0.8393037224577959,0.792078790495824,4.722493196197197
0,0.1,0.5,CF_MOVE_A10_P50_s17,CF_STATIC_A10_P50_s17,STATIC,NC,ped1,0.4864617734304324,0.43362229092545135,5.283948250498105
0,0.1,0.5,CF_MOVE_A10_P50_s17,CF_STATIC_A10_P50_s17,STATIC,NC,ped2,0.6087737347483936,0.5013121796260198,10.746155512237376
0,0.1,0.5,CF_MOVE_A10_P50_s17,CF_STATIC_A10_P50_s17,STATIC,NC,avenue,0.5694280879666495,0.5664172443674177,0.30108435992317606
0,0.1,0.5,CF_MOVE_A10_P50_s17,CF_STATIC_A10_P50_s17,STATIC,NC,macro,0.5548878653818251,0.5004505716396296,5.4437293742195525
0,0.1,0.5,CF_MOVE_A10_P50_s17,CF_STATIC_A10_P50_s17,STATIC,NC_GAP,ped1,0.46338775003122235,0.5059452893036891,-4.2557539272466745
0,0.1,0.5,CF_MOVE_A10_P50_s17,CF_STATIC_A10_P50_s17,STATIC,NC_GAP,ped2,0.4586500974658869,0.4724442278535846,-1.3794130387697667
0,0.1,0.5,CF_MOVE_A10_P50_s17,CF_STATIC_A10_P50_s17,STATIC,NC_GAP,avenue,0.5727435359970022,0.5736901025809171,-0.09465665839148985
0,0.1,0.5,CF_MOVE_A10_P50_s17,CF_STATIC_A10_P50_s17,STATIC,NC_GAP,macro,0.49826046116470385,0.5173598732460636,-1.9099412081359735
0,0.1,0.5,CF_MOVE_A10_P50_s17,CF_STATIC_A10_P50_s17,STATIC,LOCAL,ped1,0.7619538616041142,0.7156435486143866,4.631031298972754
0,0.1,0.5,CF_MOVE_A10_P50_s17,CF_STATIC_A10_P50_s17,STATIC,LOCAL,ped2,0.9060248357519313,0.8609531802757924,4.507165547613889
0,0.1,0.5,CF_MOVE_A10_P50_s17,CF_STATIC_A10_P50_s17,STATIC,LOCAL,avenue,0.8113428966227927,0.6764999531593986,13.484294346339409
0,0.1,0.5,CF_MOVE_A10_P50_s17,CF_STATIC_A10_P50_s17,STATIC,LOCAL,macro,0.8264405313262794,0.7510322273498592,7.540830397642018
0,0.1,0.5,CF_MOVE_A10_P50_s17,CF_STATIC_A10_P50_s17,STATIC,FUSION,ped1,0.7760533541705805,0.7443823305530799,3.1671023617500627
0,0.1,0.5,CF_MOVE_A10_P50_s17,CF_STATIC_A10_P50_s17,STATIC,FUSION,ped2,0.8937477438452097,0.8888789618078117,0.4868782037398045
0,0.1,0.5,CF_MOVE_A10_P50_s17,CF_STATIC_A10_P50_s17,STATIC,FUSION,avenue,0.8357170359267413,0.7458363623588927,8.988067356784857
0,0.1,0.5,CF_MOVE_A10_P50_s17,CF_STATIC_A10_P50_s17,STATIC,FUSION,macro,0.8351727113141773,0.7930325515732615,4.214015974091579
0,0.1,0.5,CF_MOVE_A10_P50_s17,CF_STATIC_A10_P50_s17,STATIC,PSNR_FROZEN,ped1,0.748553733050687,0.7343540918192731,1.4199641231413818
0,0.1,0.5,CF_MOVE_A10_P50_s17,CF_STATIC_A10_P50_s17,STATIC,PSNR_FROZEN,ped2,0.82563984549852,0.7560248357519312,6.961500974658874
0,0.1,0.5,CF_MOVE_A10_P50_s17,CF_STATIC_A10_P50_s17,STATIC,PSNR_FROZEN,avenue,0.863866761909223,0.768250620637969,9.561614127125395
0,0.1,0.5,CF_MOVE_A10_P50_s17,CF_STATIC_A10_P50_s17,STATIC,PSNR_FROZEN,macro,0.81268678015281,0.7528765160697245,5.981026408308554
0,0.1,0.5,CF_MOVE_A10_P50_s17,CF_STATIC_A10_P50_s17,STATIC,FUSION_FROZEN,ped1,0.7499021618289559,0.7341182578663321,1.5783903962623747
0,0.1,0.5,CF_MOVE_A10_P50_s17,CF_STATIC_A10_P50_s17,STATIC,FUSION_FROZEN,ped2,0.8091491589054942,0.7393924626380767,6.9756696267417535
0,0.1,0.5,CF_MOVE_A10_P50_s17,CF_STATIC_A10_P50_s17,STATIC,FUSION_FROZEN,avenue,0.8538827813949131,0.7862448592439927,6.763792215092046
0,0.1,0.5,CF_MOVE_A10_P50_s17,CF_STATIC_A10_P50_s17,STATIC,FUSION_FROZEN,macro,0.8043113673764544,0.7532518599161339,5.10595074603205
0,0.1,0.5,CF_MOVE_A10_P50_s17,CF_SHUFFLE_A10_P50_s17,SHUFFLE,PSNR,ped1,0.7773199955540372,0.7625951974605341,1.4724798093503133
0,0.1,0.5,CF_MOVE_A10_P50_s17,CF_SHUFFLE_A10_P50_s17,SHUFFLE,PSNR,ped2,0.9153535845787307,0.902670384809761,1.26831997689697
0,0.1,0.5,CF_MOVE_A10_P50_s17,CF_SHUFFLE_A10_P50_s17,SHUFFLE,PSNR,avenue,0.8252375872406201,0.8355222258653802,-1.0284638624760034
0,0.1,0.5,CF_MOVE_A10_P50_s17,CF_SHUFFLE_A10_P50_s17,SHUFFLE,PSNR,macro,0.8393037224577959,0.8335959360452251,0.5707786412570859
0,0.1,0.5,CF_MOVE_A10_P50_s17,CF_SHUFFLE_A10_P50_s17,SHUFFLE,NC,ped1,0.4864617734304324,0.5332639558125606,-4.680218238212818
0,0.1,0.5,CF_MOVE_A10_P50_s17,CF_SHUFFLE_A10_P50_s17,SHUFFLE,NC,ped2,0.6087737347483936,0.5458026496281857,6.297108512020788
0,0.1,0.5,CF_MOVE_A10_P50_s17,CF_SHUFFLE_A10_P50_s17,SHUFFLE,NC,avenue,0.5694280879666495,0.5839050658110451,-1.447697784439561
0,0.1,0.5,CF_MOVE_A10_P50_s17,CF_SHUFFLE_A10_P50_s17,SHUFFLE,NC,macro,0.5548878653818251,0.5543238904172637,0.056397496456139784
0,0.1,0.5,CF_MOVE_A10_P50_s17,CF_SHUFFLE_A10_P50_s17,SHUFFLE,NC_GAP,ped1,0.46338775003122235,0.4770916778626795,-1.370392783145713
0,0.1,0.5,CF_MOVE_A10_P50_s17,CF_SHUFFLE_A10_P50_s17,SHUFFLE,NC_GAP,ped2,0.4586500974658869,0.4741552956465237,-1.5505198180636781
0,0.1,0.5,CF_MOVE_A10_P50_s17,CF_SHUFFLE_A10_P50_s17,SHUFFLE,NC_GAP,avenue,0.5727435359970022,0.5799173263384702,-0.7173790341467923
0,0.1,0.5,CF_MOVE_A10_P50_s17,CF_SHUFFLE_A10_P50_s17,SHUFFLE,NC_GAP,macro,0.49826046116470385,0.5103880999492244,-1.2127638784520556
0,0.1,0.5,CF_MOVE_A10_P50_s17,CF_SHUFFLE_A10_P50_s17,SHUFFLE,LOCAL,ped1,0.7619538616041142,0.7389425691367251,2.301129246738909
0,0.1,0.5,CF_MOVE_A10_P50_s17,CF_SHUFFLE_A10_P50_s17,SHUFFLE,LOCAL,ped2,0.9060248357519313,0.8984261064183091,0.7598729333622156
0,0.1,0.5,CF_MOVE_A10_P50_s17,CF_SHUFFLE_A10_P50_s17,SHUFFLE,LOCAL,avenue,0.8113428966227927,0.8338937186753478,-2.2550822052555097
0,0.1,0.5,CF_MOVE_A10_P50_s17,CF_SHUFFLE_A10_P50_s17,SHUFFLE,LOCAL,macro,0.8264405313262794,0.8237541314101273,0.2686399916152049
0,0.1,0.5,CF_MOVE_A10_P50_s17,CF_SHUFFLE_A10_P50_s17,SHUFFLE,FUSION,ped1,0.7760533541705805,0.7715170163173214,0.45363378532591314
0,0.1,0.5,CF_MOVE_A10_P50_s17,CF_SHUFFLE_A10_P50_s17,SHUFFLE,FUSION,ped2,0.8937477438452097,0.8902218251389792,0.3525918706230535
0,0.1,0.5,CF_MOVE_A10_P50_s17,CF_SHUFFLE_A10_P50_s17,SHUFFLE,FUSION,avenue,0.8357170359267413,0.8374566021827721,-0.17395662560307779
0,0.1,0.5,CF_MOVE_A10_P50_s17,CF_SHUFFLE_A10_P50_s17,SHUFFLE,FUSION,macro,0.8351727113141773,0.8330651478796908,0.21075634344864813
0,0.1,0.5,CF_MOVE_A10_P50_s17,CF_SHUFFLE_A10_P50_s17,SHUFFLE,PSNR_FROZEN,ped1,0.748553733050687,0.7365554404443411,1.1998292606345884
0,0.1,0.5,CF_MOVE_A10_P50_s17,CF_SHUFFLE_A10_P50_s17,SHUFFLE,PSNR_FROZEN,ped2,0.82563984549852,0.7881290159555266,3.751082954299334
0,0.1,0.5,CF_MOVE_A10_P50_s17,CF_SHUFFLE_A10_P50_s17,SHUFFLE,PSNR_FROZEN,avenue,0.863866761909223,0.8669188603681671,-0.30520984589441635
0,0.1,0.5,CF_MOVE_A10_P50_s17,CF_SHUFFLE_A10_P50_s17,SHUFFLE,PSNR_FROZEN,macro,0.81268678015281,0.797201105589345,1.5485674563465057
0,0.1,0.5,CF_MOVE_A10_P50_s17,CF_SHUFFLE_A10_P50_s17,SHUFFLE,FUSION_FROZEN,ped1,0.7499021618289559,0.7336782416822424,1.6223920146713477
0,0.1,0.5,CF_MOVE_A10_P50_s17,CF_SHUFFLE_A10_P50_s17,SHUFFLE,FUSION_FROZEN,ped2,0.8091491589054942,0.7699678723557866,3.918128654970765
0,0.1,0.5,CF_MOVE_A10_P50_s17,CF_SHUFFLE_A10_P50_s17,SHUFFLE,FUSION_FROZEN,avenue,0.8538827813949131,0.8817487001733102,-2.786591877839706
0,0.1,0.5,CF_MOVE_A10_P50_s17,CF_SHUFFLE_A10_P50_s17,SHUFFLE,FUSION_FROZEN,macro,0.8043113673764544,0.795131604737113,0.9179762639341393
0,0.1,0.5,CF_MOVE_A10_P50_s17,CF_NOISE_A10_P50_s17,NOISE,PSNR,ped1,0.7773199955540372,0.7428317642285326,3.4488231325504604
0,0.1,0.5,CF_MOVE_A10_P50_s17,CF_NOISE_A10_P50_s17,NOISE,PSNR,ped2,0.9153535845787307,0.8845128510576854,3.0840733521045327
0,0.1,0.5,CF_MOVE_A10_P50_s17,CF_NOISE_A10_P50_s17,NOISE,PSNR,avenue,0.8252375872406201,0.8446777483722891,-1.944016113166902
0,0.1,0.5,CF_MOVE_A10_P50_s17,CF_NOISE_A10_P50_s17,NOISE,PSNR,macro,0.8393037224577959,0.8240074545528356,1.5296267904960303
0,0.1,0.5,CF_MOVE_A10_P50_s17,CF_NOISE_A10_P50_s17,NOISE,NC,ped1,0.4864617734304324,0.42985160576872666,5.661016766170573
0,0.1,0.5,CF_MOVE_A10_P50_s17,CF_NOISE_A10_P50_s17,NOISE,NC,ped2,0.6087737347483936,0.45073099415204676,15.804274059634682
0,0.1,0.5,CF_MOVE_A10_P50_s17,CF_NOISE_A10_P50_s17,NOISE,NC,avenue,0.5694280879666495,0.6122760902149984,-4.284800224834894
0,0.1,0.5,CF_MOVE_A10_P50_s17,CF_NOISE_A10_P50_s17,NOISE,NC,macro,0.5548878653818251,0.49761956337859065,5.726830200323446
0,0.1,0.5,CF_MOVE_A10_P50_s17,CF_NOISE_A10_P50_s17,NOISE,NC_GAP,ped1,0.46338775003122235,0.5162933985386065,-5.290564850738411
0,0.1,0.5,CF_MOVE_A10_P50_s17,CF_NOISE_A10_P50_s17,NOISE,NC_GAP,ped2,0.4586500974658869,0.47736535268211683,-1.871525521622991
0,0.1,0.5,CF_MOVE_A10_P50_s17,CF_NOISE_A10_P50_s17,NOISE,NC_GAP,avenue,0.5727435359970022,0.5621987680921823,1.0544767904819952
0,0.1,0.5,CF_MOVE_A10_P50_s17,CF_NOISE_A10_P50_s17,NOISE,NC_GAP,macro,0.49826046116470385,0.5186191731043018,-2.0358711939597987
0,0.1,0.5,CF_MOVE_A10_P50_s17,CF_NOISE_A10_P50_s17,NOISE,LOCAL,ped1,0.7619538616041142,0.7173408006315295,4.461306097258467
0,0.1,0.5,CF_MOVE_A10_P50_s17,CF_NOISE_A10_P50_s17,NOISE,LOCAL,ped2,0.9060248357519313,0.8642191899501841,4.1805645801747175
0,0.1,0.5,CF_MOVE_A10_P50_s17,CF_NOISE_A10_P50_s17,NOISE,LOCAL,avenue,0.8113428966227927,0.837879479132512,-2.6536582509719353
0,0.1,0.5,CF_MOVE_A10_P50_s17,CF_NOISE_A10_P50_s17,NOISE,LOCAL,macro,0.8264405313262794,0.8064798232380751,1.996070808820427
0,0.1,0.5,CF_MOVE_A10_P50_s17,CF_NOISE_A10_P50_s17,NOISE,FUSION,ped1,0.7760533541705805,0.7440688803624621,3.198447380811842
0,0.1,0.5,CF_MOVE_A10_P50_s17,CF_NOISE_A10_P50_s17,NOISE,FUSION,ped2,0.8937477438452097,0.8902561186917912,0.34916251534184983
0,0.1,0.5,CF_MOVE_A10_P50_s17,CF_NOISE_A10_P50_s17,NOISE,FUSION,avenue,0.8357170359267413,0.8492450231860977,-1.3527987259356444
0,0.1,0.5,CF_MOVE_A10_P50_s17,CF_NOISE_A10_P50_s17,NOISE,FUSION,macro,0.8351727113141773,0.8278566740801171,0.7316037234060158
0,0.1,0.5,CF_MOVE_A10_P50_s17,CF_NOISE_A10_P50_s17,NOISE,PSNR_FROZEN,ped1,0.748553733050687,0.7217636175807893,2.6790115469897624
0,0.1,0.5,CF_MOVE_A10_P50_s17,CF_NOISE_A10_P50_s17,NOISE,PSNR_FROZEN,ped2,0.82563984549852,0.7367554689192116,8.888437657930837
0,0.1,0.5,CF_MOVE_A10_P50_s17,CF_NOISE_A10_P50_s17,NOISE,PSNR_FROZEN,avenue,0.863866761909223,0.8664236615298141,-0.25568996205911354
0,0.1,0.5,CF_MOVE_A10_P50_s17,CF_NOISE_A10_P50_s17,NOISE,PSNR_FROZEN,macro,0.81268678015281,0.7749809160099383,3.7705864142871692
0,0.1,0.5,CF_MOVE_A10_P50_s17,CF_NOISE_A10_P50_s17,NOISE,FUSION_FROZEN,ped1,0.7499021618289559,0.7201247617635423,2.9777400065413517
0,0.1,0.5,CF_MOVE_A10_P50_s17,CF_NOISE_A10_P50_s17,NOISE,FUSION_FROZEN,ped2,0.8091491589054942,0.7224893509493899,8.665980795610428
0,0.1,0.5,CF_MOVE_A10_P50_s17,CF_NOISE_A10_P50_s17,NOISE,FUSION_FROZEN,avenue,0.8538827813949131,0.8805868893156588,-2.6704107920745623
0,0.1,0.5,CF_MOVE_A10_P50_s17,CF_NOISE_A10_P50_s17,NOISE,FUSION_FROZEN,macro,0.8043113673764544,0.7744003340095302,2.9911033366924134
0,0.1,0.5,CF_MOVE_A10_P50_s17,CF_SELF_A10_P50_s17,SELF,PSNR,ped1,0.7773199955540372,0.7798296826575473,-0.2509687103510072
0,0.1,0.5,CF_MOVE_A10_P50_s17,CF_SELF_A10_P50_s17,SELF,PSNR,ped2,0.9153535845787307,0.9132743123240199,0.2079272254710829
0,0.1,0.5,CF_MOVE_A10_P50_s17,CF_SELF_A10_P50_s17,SELF,PSNR,avenue,0.8252375872406201,0.8391333551922807,-1.3895767951660587
0,0.1,0.5,CF_MOVE_A10_P50_s17,CF_SELF_A10_P50_s17,SELF,PSNR,macro,0.8393037224577959,0.844079116724616,-0.47753942668200544
0,0.1,0.5,CF_MOVE_A10_P50_s17,CF_SELF_A10_P50_s17,SELF,NC,ped1,0.4864617734304324,0.4919472948941847,-0.5485521463752308
0,0.1,0.5,CF_MOVE_A10_P50_s17,CF_SELF_A10_P50_s17,SELF,NC,ped2,0.6087737347483936,0.535132842394051,7.364089235434257
0,0.1,0.5,CF_MOVE_A10_P50_s17,CF_SELF_A10_P50_s17,SELF,NC,avenue,0.5694280879666495,0.5326495151997752,3.677857276687424
0,0.1,0.5,CF_MOVE_A10_P50_s17,CF_SELF_A10_P50_s17,SELF,NC,macro,0.5548878653818251,0.5199098841626703,3.4977981219154852
0,0.1,0.5,CF_MOVE_A10_P50_s17,CF_SELF_A10_P50_s17,SELF,NC_GAP,ped1,0.46338775003122235,0.44085164232769214,2.2536107703530206
0,0.1,0.5,CF_MOVE_A10_P50_s17,CF_SELF_A10_P50_s17,SELF,NC_GAP,ped2,0.4586500974658869,0.5220444372247491,-6.339433975886221
0,0.1,0.5,CF_MOVE_A10_P50_s17,CF_SELF_A10_P50_s17,SELF,NC_GAP,avenue,0.5727435359970022,0.444102124221275,12.864141177572725
0,0.1,0.5,CF_MOVE_A10_P50_s17,CF_SELF_A10_P50_s17,SELF,NC_GAP,macro,0.49826046116470385,0.46899940125790546,2.9261059906798392
0,0.1,0.5,CF_MOVE_A10_P50_s17,CF_SELF_A10_P50_s17,SELF,LOCAL,ped1,0.7619538616041142,0.7591668743384933,0.2786987265620877
0,0.1,0.5,CF_MOVE_A10_P50_s17,CF_SELF_A10_P50_s17,SELF,LOCAL,ped2,0.9060248357519313,0.9082223305176521,-0.2197494765720842
0,0.1,0.5,CF_MOVE_A10_P50_s17,CF_SELF_A10_P50_s17,SELF,LOCAL,avenue,0.8113428966227927,0.8284682420722282,-1.7125345449435558
0,0.1,0.5,CF_MOVE_A10_P50_s17,CF_SELF_A10_P50_s17,SELF,LOCAL,macro,0.8264405313262794,0.8319524823094578,-0.5511950983178471
0,0.1,0.5,CF_MOVE_A10_P50_s17,CF_SELF_A10_P50_s17,SELF,FUSION,ped1,0.7760533541705805,0.7796851234372166,-0.3631769266636109
0,0.1,0.5,CF_MOVE_A10_P50_s17,CF_SELF_A10_P50_s17,SELF,FUSION,ped2,0.8937477438452097,0.867376904194643,2.6370839650566746
0,0.1,0.5,CF_MOVE_A10_P50_s17,CF_SELF_A10_P50_s17,SELF,FUSION,avenue,0.8357170359267413,0.815596374537449,2.012066138929225
0,0.1,0.5,CF_MOVE_A10_P50_s17,CF_SELF_A10_P50_s17,SELF,FUSION,macro,0.8351727113141773,0.8208861340564363,1.4286577257740962
0,0.1,0.5,CF_MOVE_A10_P50_s17,CF_SELF_A10_P50_s17,SELF,PSNR_FROZEN,ped1,0.748553733050687,0.7479002926598348,0.06534403908521336
0,0.1,0.5,CF_MOVE_A10_P50_s17,CF_SELF_A10_P50_s17,SELF,PSNR_FROZEN,ped2,0.82563984549852,0.8014719153851707,2.416793011334928
0,0.1,0.5,CF_MOVE_A10_P50_s17,CF_SELF_A10_P50_s17,SELF,PSNR_FROZEN,avenue,0.863866761909223,0.865940067450466,-0.20733055412430756
0,0.1,0.5,CF_MOVE_A10_P50_s17,CF_SELF_A10_P50_s17,SELF,PSNR_FROZEN,macro,0.81268678015281,0.805104091831824,0.7582688320986075
0,0.1,0.5,CF_MOVE_A10_P50_s17,CF_SELF_A10_P50_s17,SELF,FUSION_FROZEN,ped1,0.7499021618289559,0.7505447653899954,-0.0642603561039512
0,0.1,0.5,CF_MOVE_A10_P50_s17,CF_SELF_A10_P50_s17,SELF,FUSION_FROZEN,ped2,0.8091491589054942,0.7618330806439968,4.731607826149742
0,0.1,0.5,CF_MOVE_A10_P50_s17,CF_SELF_A10_P50_s17,SELF,FUSION_FROZEN,avenue,0.8538827813949131,0.8166952784673756,3.7187502927537586
0,0.1,0.5,CF_MOVE_A10_P50_s17,CF_SELF_A10_P50_s17,SELF,FUSION_FROZEN,macro,0.8043113673764544,0.7763577081671226,2.7953659209331794
0,0.1,0.5,CF_MOVE_A10_P50_s17,CF_PHOTO_A10_P50_s17,PHOTO,PSNR,ped1,0.7773199955540372,0.749427386002071,2.789260955196615
0,0.1,0.5,CF_MOVE_A10_P50_s17,CF_PHOTO_A10_P50_s17,PHOTO,PSNR,ped2,0.9153535845787307,0.9099000072196953,0.54535773590354
0,0.1,0.5,CF_MOVE_A10_P50_s17,CF_PHOTO_A10_P50_s17,PHOTO,PSNR,avenue,0.8252375872406201,0.8455121785563726,-2.027459131575249
0,0.1,0.5,CF_MOVE_A10_P50_s17,CF_PHOTO_A10_P50_s17,PHOTO,PSNR,macro,0.8393037224577959,0.8349465239260464,0.435719853174954
0,0.1,0.5,CF_MOVE_A10_P50_s17,CF_PHOTO_A10_P50_s17,PHOTO,NC,ped1,0.4864617734304324,0.49827547188668714,-1.181369845625474
0,0.1,0.5,CF_MOVE_A10_P50_s17,CF_PHOTO_A10_P50_s17,PHOTO,NC,ped2,0.6087737347483936,0.5430537506317233,6.571998411667024
0,0.1,0.5,CF_MOVE_A10_P50_s17,CF_PHOTO_A10_P50_s17,PHOTO,NC,avenue,0.5694280879666495,0.6073702515340297,-3.7942163567380227
0,0.1,0.5,CF_MOVE_A10_P50_s17,CF_PHOTO_A10_P50_s17,PHOTO,NC,macro,0.5548878653818251,0.5495664913508134,0.5321374031011739
0,0.1,0.5,CF_MOVE_A10_P50_s17,CF_PHOTO_A10_P50_s17,PHOTO,NC_GAP,ped1,0.46338775003122235,0.5221747709932498,-5.878702096202748
0,0.1,0.5,CF_MOVE_A10_P50_s17,CF_PHOTO_A10_P50_s17,PHOTO,NC_GAP,ped2,0.4586500974658869,0.518472492960797,-5.982239549491009
0,0.1,0.5,CF_MOVE_A10_P50_s17,CF_PHOTO_A10_P50_s17,PHOTO,NC_GAP,avenue,0.5727435359970022,0.5103012201976673,6.244231579933491
0,0.1,0.5,CF_MOVE_A10_P50_s17,CF_PHOTO_A10_P50_s17,PHOTO,NC_GAP,macro,0.49826046116470385,0.5169828280505714,-1.8722366885867536
0,0.1,0.5,CF_MOVE_A10_P50_s17,CF_PHOTO_A10_P50_s17,PHOTO,LOCAL,ped1,0.7619538616041142,0.7239106593757021,3.8043202228412065
0,0.1,0.5,CF_MOVE_A10_P50_s17,CF_PHOTO_A10_P50_s17,PHOTO,LOCAL,ped2,0.9060248357519313,0.8974839361778932,0.854089957403803
0,0.1,0.5,CF_MOVE_A10_P50_s17,CF_PHOTO_A10_P50_s17,PHOTO,LOCAL,avenue,0.8113428966227927,0.8356214108389152,-2.427851421612248
0,0.1,0.5,CF_MOVE_A10_P50_s17,CF_PHOTO_A10_P50_s17,PHOTO,LOCAL,macro,0.8264405313262794,0.8190053354641701,0.7435195862109278
0,0.1,0.5,CF_MOVE_A10_P50_s17,CF_PHOTO_A10_P50_s17,PHOTO,FUSION,ped1,0.7760533541705805,0.7484337918361949,2.761956233438567
0,0.1,0.5,CF_MOVE_A10_P50_s17,CF_PHOTO_A10_P50_s17,PHOTO,FUSION,ped2,0.8937477438452097,0.9082918200851924,-1.4544076239982662
0,0.1,0.5,CF_MOVE_A10_P50_s17,CF_PHOTO_A10_P50_s17,PHOTO,FUSION,avenue,0.8357170359267413,0.8487201742470374,-1.3003138320296093
0,0.1,0.5,CF_MOVE_A10_P50_s17,CF_PHOTO_A10_P50_s17,PHOTO,FUSION,macro,0.8351727113141773,0.8351485953894748,0.002411592470241697
0,0.1,0.5,CF_MOVE_A10_P50_s17,CF_PHOTO_A10_P50_s17,PHOTO,PSNR_FROZEN,ped1,0.748553733050687,0.7367286661465534,1.182506690413354
0,0.1,0.5,CF_MOVE_A10_P50_s17,CF_PHOTO_A10_P50_s17,PHOTO,PSNR_FROZEN,ped2,0.82563984549852,0.788813984549852,3.682586094866802
0,0.1,0.5,CF_MOVE_A10_P50_s17,CF_PHOTO_A10_P50_s17,PHOTO,PSNR_FROZEN,avenue,0.863866761909223,0.8589304768373226,0.4936285071900359
0,0.1,0.5,CF_MOVE_A10_P50_s17,CF_PHOTO_A10_P50_s17,PHOTO,PSNR_FROZEN,macro,0.81268678015281,0.794824375844576,1.7862404308234048
0,0.1,0.5,CF_MOVE_A10_P50_s17,CF_PHOTO_A10_P50_s17,PHOTO,FUSION_FROZEN,ped1,0.7499021618289559,0.7304347171787798,1.9467444650176025
0,0.1,0.5,CF_MOVE_A10_P50_s17,CF_PHOTO_A10_P50_s17,PHOTO,FUSION_FROZEN,ped2,0.8091491589054942,0.7591365244386686,5.001263446682557
0,0.1,0.5,CF_MOVE_A10_P50_s17,CF_PHOTO_A10_P50_s17,PHOTO,FUSION_FROZEN,avenue,0.8538827813949131,0.887983629209799,-3.410084781488587
0,0.1,0.5,CF_MOVE_A10_P50_s17,CF_PHOTO_A10_P50_s17,PHOTO,FUSION_FROZEN,macro,0.8043113673764544,0.7925182902757492,1.1793077100705207
1,0.2,0.25,CF_MOVE_A20_P25_s17,CF_STATIC_A20_P25_s17,STATIC,PSNR,ped1,0.776980823227751,0.7558591058364057,2.1121717391345274
1,0.2,0.25,CF_MOVE_A20_P25_s17,CF_STATIC_A20_P25_s17,STATIC,PSNR,ped2,0.9150711139989892,0.9084136524438668,0.6657461555122368
1,0.2,0.25,CF_MOVE_A20_P25_s17,CF_STATIC_A20_P25_s17,STATIC,PSNR,avenue,0.8413559885708932,0.8454402079722704,-0.4084219401377154
1,0.2,0.25,CF_MOVE_A20_P25_s17,CF_STATIC_A20_P25_s17,STATIC,PSNR,macro,0.8444693085992112,0.8365709887508476,0.7898319848363644
1,0.2,0.25,CF_MOVE_A20_P25_s17,CF_STATIC_A20_P25_s17,STATIC,NC,ped1,0.45040809047452474,0.4257000367143615,2.4708053760163216
1,0.2,0.25,CF_MOVE_A20_P25_s17,CF_STATIC_A20_P25_s17,STATIC,NC,ped2,0.4194372247491156,0.44311511804201864,-2.367789329290304
1,0.2,0.25,CF_MOVE_A20_P25_s17,CF_STATIC_A20_P25_s17,STATIC,NC,avenue,0.5620558925476603,0.5730642067544147,-1.100831420675441
1,0.2,0.25,CF_MOVE_A20_P25_s17,CF_STATIC_A20_P25_s17,STATIC,NC,macro,0.4773004025904335,0.4806264538369316,-0.3326051246498096
1,0.2,0.25,CF_MOVE_A20_P25_s17,CF_STATIC_A20_P25_s17,STATIC,NC_GAP,ped1,0.46062186391346305,0.5009828800171557,-4.036101610369269
1,0.2,0.25,CF_MOVE_A20_P25_s17,CF_STATIC_A20_P25_s17,STATIC,NC_GAP,ped2,0.476693018554617,0.4845164609053498,-0.782344235073279
1,0.2,0.25,CF_MOVE_A20_P25_s17,CF_STATIC_A20_P25_s17,STATIC,NC_GAP,avenue,0.5067617687011101,0.5588637641107311,-5.210199540962101
1,0.2,0.25,CF_MOVE_A20_P25_s17,CF_STATIC_A20_P25_s17,STATIC,NC_GAP,macro,0.48135888372306335,0.5147877016777455,-3.342881795468211
1,0.2,0.25,CF_MOVE_A20_P25_s17,CF_STATIC_A20_P25_s17,STATIC,LOCAL,ped1,0.7624806542140996,0.7241827660382423,3.829788817585733
1,0.2,0.25,CF_MOVE_A20_P25_s17,CF_STATIC_A20_P25_s17,STATIC,LOCAL,ped2,0.9097285394556349,0.8944850552306692,1.5243484224965687
1,0.2,0.25,CF_MOVE_A20_P25_s17,CF_STATIC_A20_P25_s17,STATIC,LOCAL,avenue,0.8308976064452668,0.8362381844582885,-0.534057801302168
1,0.2,0.25,CF_MOVE_A20_P25_s17,CF_STATIC_A20_P25_s17,STATIC,LOCAL,macro,0.8343689333716671,0.8183020019090667,1.606693146260041
1,0.2,0.25,CF_MOVE_A20_P25_s17,CF_STATIC_A20_P25_s17,STATIC,FUSION,ped1,0.7742986874022794,0.7553586487675499,1.8940038634729484
1,0.2,0.25,CF_MOVE_A20_P25_s17,CF_STATIC_A20_P25_s17,STATIC,FUSION,ped2,0.9060690563858205,0.9077575626308569,-0.16885062450364696
1,0.2,0.25,CF_MOVE_A20_P25_s17,CF_STATIC_A20_P25_s17,STATIC,FUSION,avenue,0.8359299498805565,0.8502457023748184,-1.431575249426198
1,0.2,0.25,CF_MOVE_A20_P25_s17,CF_STATIC_A20_P25_s17,STATIC,FUSION,macro,0.8387658978895521,0.8377873045910751,0.09785932984770485
1,0.2,0.25,CF_MOVE_A20_P25_s17,CF_STATIC_A20_P25_s17,STATIC,PSNR_FROZEN,ped1,0.7465523137122374,0.7380130553946843,0.8539258317553089
1,0.2,0.25,CF_MOVE_A20_P25_s17,CF_STATIC_A20_P25_s17,STATIC,PSNR_FROZEN,ped2,0.8033824272615696,0.7773229369720598,2.6059490289509823
1,0.2,0.25,CF_MOVE_A20_P25_s17,CF_STATIC_A20_P25_s17,STATIC,PSNR_FROZEN,avenue,0.8441603002482552,0.8645458920792543,-2.0385591830999084
1,0.2,0.25,CF_MOVE_A20_P25_s17,CF_STATIC_A20_P25_s17,STATIC,PSNR_FROZEN,macro,0.7980316804073541,0.7932939614819995,0.47377189253545726
1,0.2,0.25,CF_MOVE_A20_P25_s17,CF_STATIC_A20_P25_s17,STATIC,FUSION_FROZEN,ped1,0.7431192878149949,0.7372512875994034,0.5868000215591529
1,0.2,0.25,CF_MOVE_A20_P25_s17,CF_STATIC_A20_P25_s17,STATIC,FUSION_FROZEN,ped2,0.7679734315211898,0.7666233484946935,0.1350083026496307
1,0.2,0.25,CF_MOVE_A20_P25_s17,CF_STATIC_A20_P25_s17,STATIC,FUSION_FROZEN,avenue,0.8673220525551548,0.8779394819429481,-1.061742938779331
1,0.2,0.25,CF_MOVE_A20_P25_s17,CF_STATIC_A20_P25_s17,STATIC,FUSION_FROZEN,macro,0.7928049239637799,0.7939380393456816,-0.11331153819017503
1,0.2,0.25,CF_MOVE_A20_P25_s17,CF_SHUFFLE_A20_P25_s17,SHUFFLE,PSNR,ped1,0.776980823227751,0.7563889654736966,2.0591857754054366
1,0.2,0.25,CF_MOVE_A20_P25_s17,CF_SHUFFLE_A20_P25_s17,SHUFFLE,PSNR,ped2,0.9150711139989892,0.9065229947296224,0.8548119269366827
1,0.2,0.25,CF_MOVE_A20_P25_s17,CF_SHUFFLE_A20_P25_s17,SHUFFLE,PSNR,avenue,0.8413559885708932,0.8508927584430184,-0.953676987212515
1,0.2,0.25,CF_MOVE_A20_P25_s17,CF_SHUFFLE_A20_P25_s17,SHUFFLE,PSNR,macro,0.8444693085992112,0.8379349062154459,0.6534402383765348
1,0.2,0.25,CF_MOVE_A20_P25_s17,CF_SHUFFLE_A20_P25_s17,SHUFFLE,NC,ped1,0.45040809047452474,0.4926070738081348,-4.219898333361005
1,0.2,0.25,CF_MOVE_A20_P25_s17,CF_SHUFFLE_A20_P25_s17,SHUFFLE,NC,ped2,0.4194372247491156,0.555938199407985,-13.650097465886935
1,0.2,0.25,CF_MOVE_A20_P25_s17,CF_SHUFFLE_A20_P25_s17,SHUFFLE,NC,avenue,0.5620558925476603,0.599236111761675,-3.718021921401471
1,0.2,0.25,CF_MOVE_A20_P25_s17,CF_SHUFFLE_A20_P25_s17,SHUFFLE,NC,macro,0.4773004025904335,0.5492604616592649,-7.196005906883141
1,0.2,0.25,CF_MOVE_A20_P25_s17,CF_SHUFFLE_A20_P25_s17,SHUFFLE,NC_GAP,ped1,0.46062186391346305,0.47233340991359735,-1.1711546000134299
1,0.2,0.25,CF_MOVE_A20_P25_s17,CF_SHUFFLE_A20_P25_s17,SHUFFLE,NC_GAP,ped2,0.476693018554617,0.5297541693740524,-5.306115081943541
1,0.2,0.25,CF_MOVE_A20_P25_s17,CF_SHUFFLE_A20_P25_s17,SHUFFLE,NC_GAP,avenue,0.5067617687011101,0.5086717293550049,-0.19099606538948155
1,0.2,0.25,CF_MOVE_A20_P25_s17,CF_SHUFFLE_A20_P25_s17,SHUFFLE,NC_GAP,macro,0.48135888372306335,0.5035864362142183,-2.2227552491154934
1,0.2,0.25,CF_MOVE_A20_P25_s17,CF_SHUFFLE_A20_P25_s17,SHUFFLE,LOCAL,ped1,0.7624806542140996,0.7288250185677833,3.365563564631635
1,0.2,0.25,CF_MOVE_A20_P25_s17,CF_SHUFFLE_A20_P25_s17,SHUFFLE,LOCAL,ped2,0.9097285394556349,0.8938560392751426,1.5872500180492355
1,0.2,0.25,CF_MOVE_A20_P25_s17,CF_SHUFFLE_A20_P25_s17,SHUFFLE,LOCAL,avenue,0.8308976064452668,0.8442071525598389,-1.3309546114572135
1,0.2,0.25,CF_MOVE_A20_P25_s17,CF_SHUFFLE_A20_P25_s17,SHUFFLE,LOCAL,macro,0.8343689333716671,0.8222960701342549,1.207286323741219
1,0.2,0.25,CF_MOVE_A20_P25_s17,CF_SHUFFLE_A20_P25_s17,SHUFFLE,FUSION,ped1,0.7742986874022794,0.7557930216213975,1.8505665780881864
1,0.2,0.25,CF_MOVE_A20_P25_s17,CF_SHUFFLE_A20_P25_s17,SHUFFLE,FUSION,ped2,0.9060690563858205,0.8686033499386326,3.746570644718783
1,0.2,0.25,CF_MOVE_A20_P25_s17,CF_SHUFFLE_A20_P25_s17,SHUFFLE,FUSION,avenue,0.8359299498805565,0.8394162021640358,-0.34862522834793186
1,0.2,0.25,CF_MOVE_A20_P25_s17,CF_SHUFFLE_A20_P25_s17,SHUFFLE,FUSION,macro,0.8387658978895521,0.821270857908022,1.7495039981530125
1,0.2,0.25,CF_MOVE_A20_P25_s17,CF_SHUFFLE_A20_P25_s17,SHUFFLE,PSNR_FROZEN,ped1,0.7465523137122374,0.7307143482816427,1.583796543059468
1,0.2,0.25,CF_MOVE_A20_P25_s17,CF_SHUFFLE_A20_P25_s17,SHUFFLE,PSNR_FROZEN,ped2,0.8033824272615696,0.7716293047433398,3.1753122518229815
1,0.2,0.25,CF_MOVE_A20_P25_s17,CF_SHUFFLE_A20_P25_s17,SHUFFLE,PSNR_FROZEN,avenue,0.8441603002482552,0.8700381633800178,-2.5877863131762657
1,0.2,0.25,CF_MOVE_A20_P25_s17,CF_SHUFFLE_A20_P25_s17,SHUFFLE,PSNR_FROZEN,macro,0.7980316804073541,0.7907939388016668,0.7237741605687242
1,0.2,0.25,CF_MOVE_A20_P25_s17,CF_SHUFFLE_A20_P25_s17,SHUFFLE,FUSION_FROZEN,ped1,0.7431192878149949,0.7285617858375802,1.4557501977414677
1,0.2,0.25,CF_MOVE_A20_P25_s17,CF_SHUFFLE_A20_P25_s17,SHUFFLE,FUSION_FROZEN,ped2,0.7679734315211898,0.7367681033860372,3.1205328135152643
1,0.2,0.25,CF_MOVE_A20_P25_s17,CF_SHUFFLE_A20_P25_s17,SHUFFLE,FUSION_FROZEN,avenue,0.8673220525551548,0.8586329804674692,0.8689072087685656
1,0.2,0.25,CF_MOVE_A20_P25_s17,CF_SHUFFLE_A20_P25_s17,SHUFFLE,FUSION_FROZEN,macro,0.7928049239637799,0.7746542898970289,1.8150634066750992
1,0.2,0.25,CF_MOVE_A20_P25_s17,CF_NOISE_A20_P25_s17,NOISE,PSNR,ped1,0.776980823227751,0.7414404379616847,3.554038526606629
1,0.2,0.25,CF_MOVE_A20_P25_s17,CF_NOISE_A20_P25_s17,NOISE,PSNR,ped2,0.9150711139989892,0.9000045123095806,1.5066601689408654
1,0.2,0.25,CF_MOVE_A20_P25_s17,CF_NOISE_A20_P25_s17,NOISE,PSNR,avenue,0.8413559885708932,0.8441090800505878,-0.27530914796946027
1,0.2,0.25,CF_MOVE_A20_P25_s17,CF_NOISE_A20_P25_s17,NOISE,PSNR,macro,0.8444693085992112,0.8285180101072843,1.595129849192689
1,0.2,0.25,CF_MOVE_A20_P25_s17,CF_NOISE_A20_P25_s17,NOISE,NC,ped1,0.45040809047452474,0.4333639245452396,1.7044165929285149
1,0.2,0.25,CF_MOVE_A20_P25_s17,CF_NOISE_A20_P25_s17,NOISE,NC,ped2,0.4194372247491156,0.4467312829398599,-2.729405819074432
1,0.2,0.25,CF_MOVE_A20_P25_s17,CF_NOISE_A20_P25_s17,NOISE,NC,avenue,0.5620558925476603,0.5671670570050119,-0.5111164457351602
1,0.2,0.25,CF_MOVE_A20_P25_s17,CF_NOISE_A20_P25_s17,NOISE,NC,macro,0.4773004025904335,0.48242075483003716,-0.5120352239603665
1,0.2,0.25,CF_MOVE_A20_P25_s17,CF_NOISE_A20_P25_s17,NOISE,NC_GAP,ped1,0.46062186391346305,0.494104764581936,-3.3482900668472926
1,0.2,0.25,CF_MOVE_A20_P25_s17,CF_NOISE_A20_P25_s17,NOISE,NC_GAP,ped2,0.476693018554617,0.41023301566673886,6.646000288787812
1,0.2,0.25,CF_MOVE_A20_P25_s17,CF_NOISE_A20_P25_s17,NOISE,NC_GAP,avenue,0.5067617687011101,0.5096777015316877,-0.2915932830577561
1,0.2,0.25,CF_MOVE_A20_P25_s17,CF_NOISE_A20_P25_s17,NOISE,NC_GAP,macro,0.48135888372306335,0.4713384939267875,1.0020389796275841
1,0.2,0.25,CF_MOVE_A20_P25_s17,CF_NOISE_A20_P25_s17,NOISE,LOCAL,ped1,0.7624806542140996,0.717349102052103,4.51315521619966
1,0.2,0.25,CF_MOVE_A20_P25_s17,CF_NOISE_A20_P25_s17,NOISE,LOCAL,ped2,0.9097285394556349,0.8821881091617934,2.7540430293841567
1,0.2,0.25,CF_MOVE_A20_P25_s17,CF_NOISE_A20_P25_s17,NOISE,LOCAL,avenue,0.8308976064452668,0.8409748700173311,-1.0077263572064288
1,0.2,0.25,CF_MOVE_A20_P25_s17,CF_NOISE_A20_P25_s17,NOISE,LOCAL,macro,0.8343689333716671,0.8135040270770758,2.0864906294591257
1,0.2,0.25,CF_MOVE_A20_P25_s17,CF_NOISE_A20_P25_s17,NOISE,FUSION,ped1,0.7742986874022794,0.7436849703312136,3.061371707106575
1,0.2,0.25,CF_MOVE_A20_P25_s17,CF_NOISE_A20_P25_s17,NOISE,FUSION,ped2,0.9060690563858205,0.898711284383799,0.7357772002021479
1,0.2,0.25,CF_MOVE_A20_P25_s17,CF_NOISE_A20_P25_s17,NOISE,FUSION,avenue,0.8359299498805565,0.8460470513841398,-1.011710150358336
1,0.2,0.25,CF_MOVE_A20_P25_s17,CF_NOISE_A20_P25_s17,NOISE,FUSION,macro,0.8387658978895521,0.8294811020330508,0.9284795856501327
1,0.2,0.25,CF_MOVE_A20_P25_s17,CF_NOISE_A20_P25_s17,NOISE,PSNR_FROZEN,ped1,0.7465523137122374,0.7205338214186956,2.6018492293541806
1,0.2,0.25,CF_MOVE_A20_P25_s17,CF_NOISE_A20_P25_s17,NOISE,PSNR_FROZEN,ped2,0.8033824272615696,0.7631831636704931,4.01992635910765
1,0.2,0.25,CF_MOVE_A20_P25_s17,CF_NOISE_A20_P25_s17,NOISE,PSNR_FROZEN,avenue,0.8441603002482552,0.8574806782519088,-1.33203780036536
1,0.2,0.25,CF_MOVE_A20_P25_s17,CF_NOISE_A20_P25_s17,NOISE,PSNR_FROZEN,macro,0.7980316804073541,0.7803992211136991,1.7632459293654978
1,0.2,0.25,CF_MOVE_A20_P25_s17,CF_NOISE_A20_P25_s17,NOISE,FUSION_FROZEN,ped1,0.7431192878149949,0.7189439971446385,2.4175290670356397
1,0.2,0.25,CF_MOVE_A20_P25_s17,CF_NOISE_A20_P25_s17,NOISE,FUSION_FROZEN,ped2,0.7679734315211898,0.739589199335788,2.838423218540176
1,0.2,0.25,CF_MOVE_A20_P25_s17,CF_NOISE_A20_P25_s17,NOISE,FUSION_FROZEN,avenue,0.8673220525551548,0.8763658719377957,-0.9043819382640872
1,0.2,0.25,CF_MOVE_A20_P25_s17,CF_NOISE_A20_P25_s17,NOISE,FUSION_FROZEN,macro,0.7928049239637799,0.7782996894727408,1.4505234491039132
1,0.2,0.25,CF_MOVE_A20_P25_s17,CF_SELF_A20_P25_s17,SELF,PSNR,ped1,0.776980823227751,0.7788138832139796,-0.18330599862286245
1,0.2,0.25,CF_MOVE_A20_P25_s17,CF_SELF_A20_P25_s17,SELF,PSNR,ped2,0.9150711139989892,0.9191123384593171,-0.40412244603278413
1,0.2,0.25,CF_MOVE_A20_P25_s17,CF_SELF_A20_P25_s17,SELF,PSNR,avenue,0.8413559885708932,0.837216930535388,0.4139058035505183
1,0.2,0.25,CF_MOVE_A20_P25_s17,CF_SELF_A20_P25_s17,SELF,PSNR,macro,0.8444693085992112,0.8450477174028949,-0.05784088036836499
1,0.2,0.25,CF_MOVE_A20_P25_s17,CF_SELF_A20_P25_s17,SELF,NC,ped1,0.45040809047452474,0.429315121352456,2.109296912206876
1,0.2,0.25,CF_MOVE_A20_P25_s17,CF_SELF_A20_P25_s17,SELF,NC,ped2,0.4194372247491156,0.38841509638293265,3.1022128366182953
1,0.2,0.25,CF_MOVE_A20_P25_s17,CF_SELF_A20_P25_s17,SELF,NC,avenue,0.5620558925476603,0.5386016558152606,2.345423673239966
1,0.2,0.25,CF_MOVE_A20_P25_s17,CF_SELF_A20_P25_s17,SELF,NC,macro,0.4773004025904335,0.4521106245168831,2.5189778073550384
1,0.2,0.25,CF_MOVE_A20_P25_s17,CF_SELF_A20_P25_s17,SELF,NC_GAP,ped1,0.46062186391346305,0.4681437279332497,-0.7521864019786662
1,0.2,0.25,CF_MOVE_A20_P25_s17,CF_SELF_A20_P25_s17,SELF,NC_GAP,ped2,0.476693018554617,0.4574687748177027,1.9224243736914282
1,0.2,0.25,CF_MOVE_A20_P25_s17,CF_SELF_A20_P25_s17,SELF,NC_GAP,avenue,0.5067617687011101,0.5751570682467563,-6.839529954564616
1,0.2,0.25,CF_MOVE_A20_P25_s17,CF_SELF_A20_P25_s17,SELF,NC_GAP,macro,0.48135888372306335,0.5002565236659029,-1.889763994283955
1,0.2,0.25,CF_MOVE_A20_P25_s17,CF_SELF_A20_P25_s17,SELF,LOCAL,ped1,0.7624806542140996,0.7550123609379149,0.7468293276184701
1,0.2,0.25,CF_MOVE_A20_P25_s17,CF_SELF_A20_P25_s17,SELF,LOCAL,ped2,0.9097285394556349,0.9063271604938271,0.34013789618078105
1,0.2,0.25,CF_MOVE_A20_P25_s17,CF_SELF_A20_P25_s17,SELF,LOCAL,avenue,0.8308976064452668,0.8191109888050963,1.1786617640170527
1,0.2,0.25,CF_MOVE_A20_P25_s17,CF_SELF_A20_P25_s17,SELF,LOCAL,macro,0.8343689333716671,0.8268168367456128,0.7552096626054272
1,0.2,0.25,CF_MOVE_A20_P25_s17,CF_SELF_A20_P25_s17,SELF,FUSION,ped1,0.7742986874022794,0.7781025373476005,-0.3803849945321125
1,0.2,0.25,CF_MOVE_A20_P25_s17,CF_SELF_A20_P25_s17,SELF,FUSION,ped2,0.9060690563858205,0.917562811349361,-1.1493754963540548
1,0.2,0.25,CF_MOVE_A20_P25_s17,CF_SELF_A20_P25_s17,SELF,FUSION,avenue,0.8359299498805565,0.844738793386107,-0.8808843505550557
1,0.2,0.25,CF_MOVE_A20_P25_s17,CF_SELF_A20_P25_s17,SELF,FUSION,macro,0.8387658978895521,0.8468013806943562,-0.8035482804804039
1,0.2,0.25,CF_MOVE_A20_P25_s17,CF_SELF_A20_P25_s17,SELF,PSNR_FROZEN,ped1,0.7465523137122374,0.7498542753092934,-0.330196159705598
1,0.2,0.25,CF_MOVE_A20_P25_s17,CF_SELF_A20_P25_s17,SELF,PSNR_FROZEN,ped2,0.8033824272615696,0.808068911991914,-0.4686484730344387
1,0.2,0.25,CF_MOVE_A20_P25_s17,CF_SELF_A20_P25_s17,SELF,PSNR_FROZEN,avenue,0.8441603002482552,0.859497154433463,-1.5336854185207804
1,0.2,0.25,CF_MOVE_A20_P25_s17,CF_SELF_A20_P25_s17,SELF,PSNR_FROZEN,macro,0.7980316804073541,0.8058067805782234,-0.7775100170869353
1,0.2,0.25,CF_MOVE_A20_P25_s17,CF_SELF_A20_P25_s17,SELF,FUSION_FROZEN,ped1,0.7431192878149949,0.7488044114157865,-0.5685123600791542
1,0.2,0.25,CF_MOVE_A20_P25_s17,CF_SELF_A20_P25_s17,SELF,FUSION_FROZEN,ped2,0.7679734315211898,0.802030539311241,-3.405710779005122
1,0.2,0.25,CF_MOVE_A20_P25_s17,CF_SELF_A20_P25_s17,SELF,FUSION_FROZEN,avenue,0.8673220525551548,0.8657133120989273,0.16087404562274976
1,0.2,0.25,CF_MOVE_A20_P25_s17,CF_SELF_A20_P25_s17,SELF,FUSION_FROZEN,macro,0.7928049239637799,0.8055160876086515,-1.271116364487157
1,0.2,0.25,CF_MOVE_A20_P25_s17,CF_PHOTO_A20_P25_s17,PHOTO,PSNR,ped1,0.776980823227751,0.7563904785405007,2.0590344687250295
1,0.2,0.25,CF_MOVE_A20_P25_s17,CF_PHOTO_A20_P25_s17,PHOTO,PSNR,ped2,0.9150711139989892,0.9080734243014945,0.6997689697494702
1,0.2,0.25,CF_MOVE_A20_P25_s17,CF_PHOTO_A20_P25_s17,PHOTO,PSNR,avenue,0.8413559885708932,0.843435488781676,-0.20795002107827365
1,0.2,0.25,CF_MOVE_A20_P25_s17,CF_PHOTO_A20_P25_s17,PHOTO,PSNR,macro,0.8444693085992112,0.8359664638745571,0.8502844724654124
1,0.2,0.25,CF_MOVE_A20_P25_s17,CF_PHOTO_A20_P25_s17,PHOTO,NC,ped1,0.45040809047452474,0.551456703020891,-10.104861254636626
1,0.2,0.25,CF_MOVE_A20_P25_s17,CF_PHOTO_A20_P25_s17,PHOTO,NC,ped2,0.4194372247491156,0.5843413832936251,-16.490415854450944
1,0.2,0.25,CF_MOVE_A20_P25_s17,CF_PHOTO_A20_P25_s17,PHOTO,NC,avenue,0.5620558925476603,0.5941464002997798,-3.2090507752119524
1,0.2,0.25,CF_MOVE_A20_P25_s17,CF_PHOTO_A20_P25_s17,PHOTO,NC,macro,0.4773004025904335,0.5766481622047653,-9.934775961433184
1,0.2,0.25,CF_MOVE_A20_P25_s17,CF_PHOTO_A20_P25_s17,PHOTO,NC_GAP,ped1,0.46062186391346305,0.5283326257360559,-6.771076182259284
1,0.2,0.25,CF_MOVE_A20_P25_s17,CF_PHOTO_A20_P25_s17,PHOTO,NC_GAP,ped2,0.476693018554617,0.5007373113854595,-2.404429283084253
1,0.2,0.25,CF_MOVE_A20_P25_s17,CF_PHOTO_A20_P25_s17,PHOTO,NC_GAP,avenue,0.5067617687011101,0.4991108717035927,0.765089699751742
1,0.2,0.25,CF_MOVE_A20_P25_s17,CF_PHOTO_A20_P25_s17,PHOTO,NC_GAP,macro,0.48135888372306335,0.5093936029417027,-2.8034719218639315
1,0.2,0.25,CF_MOVE_A20_P25_s17,CF_PHOTO_A20_P25_s17,PHOTO,LOCAL,ped1,0.7624806542140996,0.7277101336954007,3.477052051869889
1,0.2,0.25,CF_MOVE_A20_P25_s17,CF_PHOTO_A20_P25_s17,PHOTO,LOCAL,ped2,0.9097285394556349,0.8933335138257166,1.6395025629918347
1,0.2,0.25,CF_MOVE_A20_P25_s17,CF_PHOTO_A20_P25_s17,PHOTO,LOCAL,avenue,0.8308976064452668,0.8413400861867066,-1.0442479741439858
1,0.2,0.25,CF_MOVE_A20_P25_s17,CF_PHOTO_A20_P25_s17,PHOTO,LOCAL,macro,0.8343689333716671,0.8207945779026081,1.357435546905894
1,0.2,0.25,CF_MOVE_A20_P25_s17,CF_PHOTO_A20_P25_s17,PHOTO,FUSION,ped1,0.7742986874022794,0.7626345371974388,1.1664150204840573
1,0.2,0.25,CF_MOVE_A20_P25_s17,CF_PHOTO_A20_P25_s17,PHOTO,FUSION,ped2,0.9060690563858205,0.8793390368926431,2.6730019493177326
1,0.2,0.25,CF_MOVE_A20_P25_s17,CF_PHOTO_A20_P25_s17,PHOTO,FUSION,avenue,0.8359299498805565,0.8381764485455994,-0.22464986650428953
1,0.2,0.25,CF_MOVE_A20_P25_s17,CF_PHOTO_A20_P25_s17,PHOTO,FUSION,macro,0.8387658978895521,0.8267166742118937,1.2049223677658483
1,0.2,0.25,CF_MOVE_A20_P25_s17,CF_PHOTO_A20_P25_s17,PHOTO,PSNR_FROZEN,ped1,0.7465523137122374,0.7370547524896697,0.949756122256773
1,0.2,0.25,CF_MOVE_A20_P25_s17,CF_PHOTO_A20_P25_s17,PHOTO,PSNR_FROZEN,ped2,0.8033824272615696,0.7925555916540322,1.0826835607537388
1,0.2,0.25,CF_MOVE_A20_P25_s17,CF_PHOTO_A20_P25_s17,PHOTO,PSNR_FROZEN,avenue,0.8441603002482552,0.8734056278982623,-2.924532765000709
1,0.2,0.25,CF_MOVE_A20_P25_s17,CF_PHOTO_A20_P25_s17,PHOTO,PSNR_FROZEN,macro,0.7980316804073541,0.801005324013988,-0.2973643606633991
1,0.2,0.25,CF_MOVE_A20_P25_s17,CF_PHOTO_A20_P25_s17,PHOTO,FUSION_FROZEN,ped1,0.7431192878149949,0.7356245363165885,0.7494751498406393
1,0.2,0.25,CF_MOVE_A20_P25_s17,CF_PHOTO_A20_P25_s17,PHOTO,FUSION_FROZEN,ped2,0.7679734315211898,0.7747924337592954,-0.6819002238105609
1,0.2,0.25,CF_MOVE_A20_P25_s17,CF_PHOTO_A20_P25_s17,PHOTO,FUSION_FROZEN,avenue,0.8673220525551548,0.8850136071947163,-1.7691554639561513
1,0.2,0.25,CF_MOVE_A20_P25_s17,CF_PHOTO_A20_P25_s17,PHOTO,FUSION_FROZEN,macro,0.7928049239637799,0.7984768590902002,-0.567193512642028
1,0.2,0.5,CF_MOVE_A20_P50_s17,CF_STATIC_A20_P50_s17,STATIC,PSNR,ped1,0.7406358135715222,0.7199170217807194,2.0718791790802826
1,0.2,0.5,CF_MOVE_A20_P50_s17,CF_STATIC_A20_P50_s17,STATIC,PSNR,ped2,0.8532651072124756,0.6350290592736987,21.823604793877692
1,0.2,0.5,CF_MOVE_A20_P50_s17,CF_STATIC_A20_P50_s17,STATIC,PSNR,avenue,0.8235487844863928,0.466635392758443,35.691339172794976
1,0.2,0.5,CF_MOVE_A20_P50_s17,CF_STATIC_A20_P50_s17,STATIC,PSNR,macro,0.8058165684234635,0.6071938246042871,19.862274381917643
1,0.2,0.5,CF_MOVE_A20_P50_s17,CF_STATIC_A20_P50_s17,STATIC,NC,ped1,0.46862619177524695,0.45990896408658244,0.8717227688664508
1,0.2,0.5,CF_MOVE_A20_P50_s17,CF_STATIC_A20_P50_s17,STATIC,NC,ped2,0.5102736264529637,0.4496002093711645,6.067341708179919
1,0.2,0.5,CF_MOVE_A20_P50_s17,CF_STATIC_A20_P50_s17,STATIC,NC,avenue,0.5772066841538246,0.5727746498665043,0.4432034287320308
1,0.2,0.5,CF_MOVE_A20_P50_s17,CF_STATIC_A20_P50_s17,STATIC,NC,macro,0.5187021674606784,0.4940946077747504,2.460755968592804
1,0.2,0.5,CF_MOVE_A20_P50_s17,CF_STATIC_A20_P50_s17,STATIC,NC_GAP,ped1,0.4665646995953078,0.5249664610340724,-5.840176143876463
1,0.2,0.5,CF_MOVE_A20_P50_s17,CF_STATIC_A20_P50_s17,STATIC,NC_GAP,ped2,0.510292578153202,0.4872572377445672,2.3035340408634752
1,0.2,0.5,CF_MOVE_A20_P50_s17,CF_STATIC_A20_P50_s17,STATIC,NC_GAP,avenue,0.5148675699095976,0.5756765539369525,-6.080898402735491
1,0.2,0.5,CF_MOVE_A20_P50_s17,CF_STATIC_A20_P50_s17,STATIC,NC_GAP,macro,0.49724161588603577,0.5293000842385306,-3.2058468352494818
1,0.2,0.5,CF_MOVE_A20_P50_s17,CF_STATIC_A20_P50_s17,STATIC,LOCAL,ped1,0.7284952108982031,0.6934413379501773,3.5053872948025866
1,0.2,0.5,CF_MOVE_A20_P50_s17,CF_STATIC_A20_P50_s17,STATIC,LOCAL,ped2,0.8423913435853007,0.6199678723557865,22.24234712295141
1,0.2,0.5,CF_MOVE_A20_P50_s17,CF_STATIC_A20_P50_s17,STATIC,LOCAL,avenue,0.8199909129233219,0.4287023631083423,39.128854981497966
1,0.2,0.5,CF_MOVE_A20_P50_s17,CF_STATIC_A20_P50_s17,STATIC,LOCAL,macro,0.7969591558022753,0.5807038578047687,21.62552979975065
1,0.2,0.5,CF_MOVE_A20_P50_s17,CF_STATIC_A20_P50_s17,STATIC,FUSION,ped1,0.7402018087609512,0.7206571568100724,1.9544651950878844
1,0.2,0.5,CF_MOVE_A20_P50_s17,CF_STATIC_A20_P50_s17,STATIC,FUSION,ped2,0.869280196375713,0.6292415710057035,24.00386253700094
1,0.2,0.5,CF_MOVE_A20_P50_s17,CF_STATIC_A20_P50_s17,STATIC,FUSION,avenue,0.8267631504988524,0.4989527612534545,32.78103892453979
1,0.2,0.5,CF_MOVE_A20_P50_s17,CF_STATIC_A20_P50_s17,STATIC,FUSION,macro,0.8120817185451722,0.6162838296897435,19.57978888554287
1,0.2,0.5,CF_MOVE_A20_P50_s17,CF_STATIC_A20_P50_s17,STATIC,PSNR_FROZEN,ped1,0.7292684698224551,0.7102292230778183,1.903924674463675
1,0.2,0.5,CF_MOVE_A20_P50_s17,CF_STATIC_A20_P50_s17,STATIC,PSNR_FROZEN,ped2,0.8734847664428561,0.5885477582846004,28.493700815825573
1,0.2,0.5,CF_MOVE_A20_P50_s17,CF_STATIC_A20_P50_s17,STATIC,PSNR_FROZEN,avenue,0.8448690336783924,0.5736610731181788,27.120796056021355
1,0.2,0.5,CF_MOVE_A20_P50_s17,CF_STATIC_A20_P50_s17,STATIC,PSNR_FROZEN,macro,0.8158740899812346,0.6241460181601991,19.172807182103547
1,0.2,0.5,CF_MOVE_A20_P50_s17,CF_STATIC_A20_P50_s17,STATIC,FUSION_FROZEN,ped1,0.7313120505629304,0.708205475780585,2.3106574782345346
1,0.2,0.5,CF_MOVE_A20_P50_s17,CF_STATIC_A20_P50_s17,STATIC,FUSION_FROZEN,ped2,0.8624648039852718,0.5723503718143095,29.011443217096232
1,0.2,0.5,CF_MOVE_A20_P50_s17,CF_STATIC_A20_P50_s17,STATIC,FUSION_FROZEN,avenue,0.8517479273033866,0.6039699283338799,24.77779989695067
1,0.2,0.5,CF_MOVE_A20_P50_s17,CF_STATIC_A20_P50_s17,STATIC,FUSION_FROZEN,macro,0.8151749272838629,0.6281752586429247,18.69996686409382
1,0.2,0.5,CF_MOVE_A20_P50_s17,CF_SHUFFLE_A20_P50_s17,SHUFFLE,PSNR,ped1,0.7406358135715222,0.7582403867300607,-1.7604573158538472
1,0.2,0.5,CF_MOVE_A20_P50_s17,CF_SHUFFLE_A20_P50_s17,SHUFFLE,PSNR,ped2,0.8532651072124756,0.9036793372319688,-5.041423001949319
1,0.2,0.5,CF_MOVE_A20_P50_s17,CF_SHUFFLE_A20_P50_s17,SHUFFLE,PSNR,avenue,0.8235487844863928,0.8451932057707621,-2.1644421284369275
1,0.2,0.5,CF_MOVE_A20_P50_s17,CF_SHUFFLE_A20_P50_s17,SHUFFLE,PSNR,macro,0.8058165684234635,0.8357043099109305,-2.988774148746698
1,0.2,0.5,CF_MOVE_A20_P50_s17,CF_SHUFFLE_A20_P50_s17,SHUFFLE,NC,ped1,0.46862619177524695,0.4798829180728305,-1.1256726297583564
1,0.2,0.5,CF_MOVE_A20_P50_s17,CF_SHUFFLE_A20_P50_s17,SHUFFLE,NC,ped2,0.5102736264529637,0.5478756046494838,-3.7601978196520114
1,0.2,0.5,CF_MOVE_A20_P50_s17,CF_SHUFFLE_A20_P50_s17,SHUFFLE,NC,avenue,0.5772066841538246,0.5409706309429013,3.623605321092327
1,0.2,0.5,CF_MOVE_A20_P50_s17,CF_SHUFFLE_A20_P50_s17,SHUFFLE,NC,macro,0.5187021674606784,0.5229097178884051,-0.4207550427726692
1,0.2,0.5,CF_MOVE_A20_P50_s17,CF_SHUFFLE_A20_P50_s17,SHUFFLE,NC_GAP,ped1,0.4665646995953078,0.47721439984859515,-1.0649700253287375
1,0.2,0.5,CF_MOVE_A20_P50_s17,CF_SHUFFLE_A20_P50_s17,SHUFFLE,NC_GAP,ped2,0.510292578153202,0.5061926936683272,0.40998844848747495
1,0.2,0.5,CF_MOVE_A20_P50_s17,CF_SHUFFLE_A20_P50_s17,SHUFFLE,NC_GAP,avenue,0.5148675699095976,0.4803256007307134,3.454196917888419
1,0.2,0.5,CF_MOVE_A20_P50_s17,CF_SHUFFLE_A20_P50_s17,SHUFFLE,NC_GAP,macro,0.49724161588603577,0.48791089808254523,0.933071780349054
1,0.2,0.5,CF_MOVE_A20_P50_s17,CF_SHUFFLE_A20_P50_s17,SHUFFLE,LOCAL,ped1,0.7284952108982031,0.7382821359236165,-0.978692502541334
1,0.2,0.5,CF_MOVE_A20_P50_s17,CF_SHUFFLE_A20_P50_s17,SHUFFLE,LOCAL,ped2,0.8423913435853007,0.8923796115803913,-4.998826799509059
1,0.2,0.5,CF_MOVE_A20_P50_s17,CF_SHUFFLE_A20_P50_s17,SHUFFLE,LOCAL,avenue,0.8199909129233219,0.8465111246428404,-2.652021171951846
1,0.2,0.5,CF_MOVE_A20_P50_s17,CF_SHUFFLE_A20_P50_s17,SHUFFLE,LOCAL,macro,0.7969591558022753,0.825724290715616,-2.876513491334076
1,0.2,0.5,CF_MOVE_A20_P50_s17,CF_SHUFFLE_A20_P50_s17,SHUFFLE,FUSION,ped1,0.7402018087609512,0.7665384131266152,-2.6336604365663985
1,0.2,0.5,CF_MOVE_A20_P50_s17,CF_SHUFFLE_A20_P50_s17,SHUFFLE,FUSION,ped2,0.869280196375713,0.872986607465165,-0.3706411089452022
1,0.2,0.5,CF_MOVE_A20_P50_s17,CF_SHUFFLE_A20_P50_s17,SHUFFLE,FUSION,avenue,0.8267631504988524,0.849778397114619,-2.3015246615766594
1,0.2,0.5,CF_MOVE_A20_P50_s17,CF_SHUFFLE_A20_P50_s17,SHUFFLE,FUSION,macro,0.8120817185451722,0.8297678059021331,-1.7686087356960867
1,0.2,0.5,CF_MOVE_A20_P50_s17,CF_SHUFFLE_A20_P50_s17,SHUFFLE,PSNR_FROZEN,ped1,0.7292684698224551,0.727730907693683,0.15375621287720964
1,0.2,0.5,CF_MOVE_A20_P50_s17,CF_SHUFFLE_A20_P50_s17,SHUFFLE,PSNR_FROZEN,ped2,0.8734847664428561,0.7807216085481192,9.276315789473689
1,0.2,0.5,CF_MOVE_A20_P50_s17,CF_SHUFFLE_A20_P50_s17,SHUFFLE,PSNR_FROZEN,avenue,0.8448690336783924,0.8665403883085859,-2.167135463019354
1,0.2,0.5,CF_MOVE_A20_P50_s17,CF_SHUFFLE_A20_P50_s17,SHUFFLE,PSNR_FROZEN,macro,0.8158740899812346,0.791664301516796,2.4209788464438553
1,0.2,0.5,CF_MOVE_A20_P50_s17,CF_SHUFFLE_A20_P50_s17,SHUFFLE,FUSION_FROZEN,ped1,0.7313120505629304,0.7289092186907424,0.24028318721879272
1,0.2,0.5,CF_MOVE_A20_P50_s17,CF_SHUFFLE_A20_P50_s17,SHUFFLE,FUSION_FROZEN,ped2,0.8624648039852718,0.7512273482059058,11.123745577936607
1,0.2,0.5,CF_MOVE_A20_P50_s17,CF_SHUFFLE_A20_P50_s17,SHUFFLE,FUSION_FROZEN,avenue,0.8517479273033866,0.8363721719986885,1.5375755304698036
1,0.2,0.5,CF_MOVE_A20_P50_s17,CF_SHUFFLE_A20_P50_s17,SHUFFLE,FUSION_FROZEN,macro,0.8151749272838629,0.7721695796317789,4.300534765208397
1,0.2,0.5,CF_MOVE_A20_P50_s17,CF_NOISE_A20_P50_s17,NOISE,PSNR,ped1,0.7406358135715222,0.7427384857047493,-0.21026721332271237
1,0.2,0.5,CF_MOVE_A20_P50_s17,CF_NOISE_A20_P50_s17,NOISE,PSNR,ped2,0.8532651072124756,0.8916080066421197,-3.8342899429644084
1,0.2,0.5,CF_MOVE_A20_P50_s17,CF_NOISE_A20_P50_s17,NOISE,PSNR,avenue,0.8235487844863928,0.8453300154573985,-2.1781230971005705
1,0.2,0.5,CF_MOVE_A20_P50_s17,CF_NOISE_A20_P50_s17,NOISE,PSNR,macro,0.8058165684234635,0.8265588359347559,-2.074226751129238
1,0.2,0.5,CF_MOVE_A20_P50_s17,CF_NOISE_A20_P50_s17,NOISE,NC,ped1,0.46862619177524695,0.43812194713213726,3.050424464310969
1,0.2,0.5,CF_MOVE_A20_P50_s17,CF_NOISE_A20_P50_s17,NOISE,NC,ped2,0.5102736264529637,0.4295159194282001,8.075770702476358
1,0.2,0.5,CF_MOVE_A20_P50_s17,CF_NOISE_A20_P50_s17,NOISE,NC,avenue,0.5772066841538246,0.5681850437959624,0.9021640357862237
1,0.2,0.5,CF_MOVE_A20_P50_s17,CF_NOISE_A20_P50_s17,NOISE,NC,macro,0.5187021674606784,0.4786076367854332,4.009453067524521
1,0.2,0.5,CF_MOVE_A20_P50_s17,CF_NOISE_A20_P50_s17,NOISE,NC_GAP,ped1,0.4665646995953078,0.5007167438344368,-3.4152044239128987
1,0.2,0.5,CF_MOVE_A20_P50_s17,CF_NOISE_A20_P50_s17,NOISE,NC_GAP,ped2,0.510292578153202,0.5090164970038265,0.12760811493754964
1,0.2,0.5,CF_MOVE_A20_P50_s17,CF_NOISE_A20_P50_s17,NOISE,NC_GAP,avenue,0.5148675699095976,0.5645069441191625,-4.963937420956488
1,0.2,0.5,CF_MOVE_A20_P50_s17,CF_NOISE_A20_P50_s17,NOISE,NC_GAP,macro,0.49724161588603577,0.5247467283191419,-2.750511243310616
1,0.2,0.5,CF_MOVE_A20_P50_s17,CF_NOISE_A20_P50_s17,NOISE,LOCAL,ped1,0.7284952108982031,0.7177813075399881,1.0713903358214982
1,0.2,0.5,CF_MOVE_A20_P50_s17,CF_NOISE_A20_P50_s17,NOISE,LOCAL,ped2,0.8423913435853007,0.8762336654393185,-3.384232185401781
1,0.2,0.5,CF_MOVE_A20_P50_s17,CF_NOISE_A20_P50_s17,NOISE,LOCAL,avenue,0.8199909129233219,0.8351823738816806,-1.519146095835866
1,0.2,0.5,CF_MOVE_A20_P50_s17,CF_NOISE_A20_P50_s17,NOISE,LOCAL,macro,0.7969591558022753,0.8097324489536625,-1.27732931513872
1,0.2,0.5,CF_MOVE_A20_P50_s17,CF_NOISE_A20_P50_s17,NOISE,FUSION,ped1,0.7402018087609512,0.7433228566406825,-0.3121047879731331
1,0.2,0.5,CF_MOVE_A20_P50_s17,CF_NOISE_A20_P50_s17,NOISE,FUSION,ped2,0.869280196375713,0.8884584145549058,-1.9178218179192852
1,0.2,0.5,CF_MOVE_A20_P50_s17,CF_NOISE_A20_P50_s17,NOISE,FUSION,avenue,0.8267631504988524,0.850820296032601,-2.4057145533748603
1,0.2,0.5,CF_MOVE_A20_P50_s17,CF_NOISE_A20_P50_s17,NOISE,FUSION,macro,0.8120817185451722,0.8275338557427299,-1.545213719755767
1,0.2,0.5,CF_MOVE_A20_P50_s17,CF_NOISE_A20_P50_s17,NOISE,PSNR_FROZEN,ped1,0.7292684698224551,0.720006210934762,0.9262258887693053
1,0.2,0.5,CF_MOVE_A20_P50_s17,CF_NOISE_A20_P50_s17,NOISE,PSNR_FROZEN,ped2,0.8734847664428561,0.7542487907010325,11.923597574182365
1,0.2,0.5,CF_MOVE_A20_P50_s17,CF_NOISE_A20_P50_s17,NOISE,PSNR_FROZEN,avenue,0.8448690336783924,0.865157091667057,-2.028805798866462
1,0.2,0.5,CF_MOVE_A20_P50_s17,CF_NOISE_A20_P50_s17,NOISE,PSNR_FROZEN,macro,0.8158740899812346,0.7798040311009505,3.607005888028403
1,0.2,0.5,CF_MOVE_A20_P50_s17,CF_NOISE_A20_P50_s17,NOISE,FUSION_FROZEN,ped1,0.7313120505629304,0.7189049027699183,1.2407147793012108
1,0.2,0.5,CF_MOVE_A20_P50_s17,CF_NOISE_A20_P50_s17,NOISE,FUSION_FROZEN,ped2,0.8624648039852718,0.7390477221861238,12.3417081799148
1,0.2,0.5,CF_MOVE_A20_P50_s17,CF_NOISE_A20_P50_s17,NOISE,FUSION_FROZEN,avenue,0.8517479273033866,0.8738494074663918,-2.2101480163005283
1,0.2,0.5,CF_MOVE_A20_P50_s17,CF_NOISE_A20_P50_s17,NOISE,FUSION_FROZEN,macro,0.8151749272838629,0.7772673441408114,3.7907583143051427
1,0.2,0.5,CF_MOVE_A20_P50_s17,CF_SELF_A20_P50_s17,SELF,PSNR,ped1,0.7406358135715222,0.768261837110098,-2.7626023538575795
1,0.2,0.5,CF_MOVE_A20_P50_s17,CF_SELF_A20_P50_s17,SELF,PSNR,ped2,0.8532651072124756,0.9329470796332395,-7.968197242076391
1,0.2,0.5,CF_MOVE_A20_P50_s17,CF_SELF_A20_P50_s17,SELF,PSNR,avenue,0.8235487844863928,0.8235062532202914,0.004253126610143099
1,0.2,0.5,CF_MOVE_A20_P50_s17,CF_SELF_A20_P50_s17,SELF,PSNR,macro,0.8058165684234635,0.8415717233212097,-3.5755154897746166
1,0.2,0.5,CF_MOVE_A20_P50_s17,CF_SELF_A20_P50_s17,SELF,NC,ped1,0.46862619177524695,0.4476551267651458,2.0971065010101153
1,0.2,0.5,CF_MOVE_A20_P50_s17,CF_SELF_A20_P50_s17,SELF,NC,ped2,0.5102736264529637,0.4162434120280124,9.40302144249513
1,0.2,0.5,CF_MOVE_A20_P50_s17,CF_SELF_A20_P50_s17,SELF,NC,avenue,0.5772066841538246,0.5887212164504192,-1.1514532296594604
1,0.2,0.5,CF_MOVE_A20_P50_s17,CF_SELF_A20_P50_s17,SELF,NC,macro,0.5187021674606784,0.48420658508119246,3.4495582379485965
1,0.2,0.5,CF_MOVE_A20_P50_s17,CF_SELF_A20_P50_s17,SELF,NC_GAP,ped1,0.4665646995953078,0.40525171583820263,6.131298375710514
1,0.2,0.5,CF_MOVE_A20_P50_s17,CF_SELF_A20_P50_s17,SELF,NC_GAP,ped2,0.510292578153202,0.46466500613674105,4.5627572016460896
1,0.2,0.5,CF_MOVE_A20_P50_s17,CF_SELF_A20_P50_s17,SELF,NC_GAP,avenue,0.5148675699095976,0.49840744297156775,1.646012693802984
1,0.2,0.5,CF_MOVE_A20_P50_s17,CF_SELF_A20_P50_s17,SELF,NC_GAP,macro,0.49724161588603577,0.4561080549821705,4.113356090386527
1,0.2,0.5,CF_MOVE_A20_P50_s17,CF_SELF_A20_P50_s17,SELF,LOCAL,ped1,0.7284952108982031,0.7557779318470547,-2.7282720948851535
1,0.2,0.5,CF_MOVE_A20_P50_s17,CF_SELF_A20_P50_s17,SELF,LOCAL,ped2,0.8423913435853007,0.9300781532019349,-8.768680961663422
1,0.2,0.5,CF_MOVE_A20_P50_s17,CF_SELF_A20_P50_s17,SELF,LOCAL,avenue,0.8199909129233219,0.8142144831139632,0.5776429809358774
1,0.2,0.5,CF_MOVE_A20_P50_s17,CF_SELF_A20_P50_s17,SELF,LOCAL,macro,0.7969591558022753,0.8333568560543175,-3.6397700252042253
1,0.2,0.5,CF_MOVE_A20_P50_s17,CF_SELF_A20_P50_s17,SELF,FUSION,ped1,0.7402018087609512,0.7673845037259475,-2.7182694964996257
1,0.2,0.5,CF_MOVE_A20_P50_s17,CF_SELF_A20_P50_s17,SELF,FUSION,ped2,0.869280196375713,0.9315879719875821,-6.230777561186917
1,0.2,0.5,CF_MOVE_A20_P50_s17,CF_SELF_A20_P50_s17,SELF,FUSION,avenue,0.8267631504988524,0.828666893062907,-0.1903742564054567
1,0.2,0.5,CF_MOVE_A20_P50_s17,CF_SELF_A20_P50_s17,SELF,FUSION,macro,0.8120817185451722,0.8425464562588122,-3.046473771364
1,0.2,0.5,CF_MOVE_A20_P50_s17,CF_SELF_A20_P50_s17,SELF,PSNR_FROZEN,ped1,0.7292684698224551,0.7375867385992256,-0.8318268776770554
1,0.2,0.5,CF_MOVE_A20_P50_s17,CF_SELF_A20_P50_s17,SELF,PSNR_FROZEN,ped2,0.8734847664428561,0.8467033066204607,2.6781459822395437
1,0.2,0.5,CF_MOVE_A20_P50_s17,CF_SELF_A20_P50_s17,SELF,PSNR_FROZEN,avenue,0.8448690336783924,0.8649402548128718,-2.0071221134479456
1,0.2,0.5,CF_MOVE_A20_P50_s17,CF_SELF_A20_P50_s17,SELF,PSNR_FROZEN,macro,0.8158740899812346,0.8164101000108528,-0.0536010029618228
1,0.2,0.5,CF_MOVE_A20_P50_s17,CF_SELF_A20_P50_s17,SELF,FUSION_FROZEN,ped1,0.7313120505629304,0.7381345914633752,-0.6822540900444873
1,0.2,0.5,CF_MOVE_A20_P50_s17,CF_SELF_A20_P50_s17,SELF,FUSION_FROZEN,ped2,0.8624648039852718,0.8385369287416071,2.3927875243664687
1,0.2,0.5,CF_MOVE_A20_P50_s17,CF_SELF_A20_P50_s17,SELF,FUSION_FROZEN,avenue,0.8517479273033866,0.8766410838915172,-2.4893156588130627
1,0.2,0.5,CF_MOVE_A20_P50_s17,CF_SELF_A20_P50_s17,SELF,FUSION_FROZEN,macro,0.8151749272838629,0.8177708680321665,-0.25959407483036046
1,0.2,0.5,CF_MOVE_A20_P50_s17,CF_PHOTO_A20_P50_s17,PHOTO,PSNR,ped1,0.7406358135715222,0.7488284160161638,-0.8192602444641595
1,0.2,0.5,CF_MOVE_A20_P50_s17,CF_PHOTO_A20_P50_s17,PHOTO,PSNR,ped2,0.8532651072124756,0.9080824489206556,-5.481734170817997
1,0.2,0.5,CF_MOVE_A20_P50_s17,CF_PHOTO_A20_P50_s17,PHOTO,PSNR,avenue,0.8235487844863928,0.8429866270082907,-1.9437842521897952
1,0.2,0.5,CF_MOVE_A20_P50_s17,CF_PHOTO_A20_P50_s17,PHOTO,PSNR,macro,0.8058165684234635,0.8332991639817035,-2.7482595558239953
1,0.2,0.5,CF_MOVE_A20_P50_s17,CF_PHOTO_A20_P50_s17,PHOTO,NC,ped1,0.46862619177524695,0.4798945318828939,-1.1268340107646935
1,0.2,0.5,CF_MOVE_A20_P50_s17,CF_PHOTO_A20_P50_s17,PHOTO,NC,ped2,0.5102736264529637,0.4417948162587539,6.847881019420981
1,0.2,0.5,CF_MOVE_A20_P50_s17,CF_PHOTO_A20_P50_s17,PHOTO,NC,avenue,0.5772066841538246,0.6012284767436414,-2.402179258981685
1,0.2,0.5,CF_MOVE_A20_P50_s17,CF_PHOTO_A20_P50_s17,PHOTO,NC,macro,0.5187021674606784,0.507639274961763,1.1062892498915455
1,0.2,0.5,CF_MOVE_A20_P50_s17,CF_PHOTO_A20_P50_s17,PHOTO,NC_GAP,ped1,0.4665646995953078,0.5355539210799076,-6.8989221484599845
1,0.2,0.5,CF_MOVE_A20_P50_s17,CF_PHOTO_A20_P50_s17,PHOTO,NC_GAP,ped2,0.510292578153202,0.4893329001516136,2.0959678001588324
1,0.2,0.5,CF_MOVE_A20_P50_s17,CF_PHOTO_A20_P50_s17,PHOTO,NC_GAP,avenue,0.5148675699095976,0.5512389104876106,-3.6371340578013056
1,0.2,0.5,CF_MOVE_A20_P50_s17,CF_PHOTO_A20_P50_s17,PHOTO,NC_GAP,macro,0.49724161588603577,0.5253752439063772,-2.8133628020341472
1,0.2,0.5,CF_MOVE_A20_P50_s17,CF_PHOTO_A20_P50_s17,PHOTO,LOCAL,ped1,0.7284952108982031,0.7193486811741693,0.9146529724033847
1,0.2,0.5,CF_MOVE_A20_P50_s17,CF_PHOTO_A20_P50_s17,PHOTO,LOCAL,ped2,0.8423913435853007,0.9011280773951339,-5.873673380983324
1,0.2,0.5,CF_MOVE_A20_P50_s17,CF_PHOTO_A20_P50_s17,PHOTO,LOCAL,avenue,0.8199909129233219,0.8394293175324371,-1.9438404609115167
1,0.2,0.5,CF_MOVE_A20_P50_s17,CF_PHOTO_A20_P50_s17,PHOTO,LOCAL,macro,0.7969591558022753,0.8199686920339134,-2.300953623163815
1,0.2,0.5,CF_MOVE_A20_P50_s17,CF_PHOTO_A20_P50_s17,PHOTO,FUSION,ped1,0.7402018087609512,0.7476852327051762,-0.7483423944224965
1,0.2,0.5,CF_MOVE_A20_P50_s17,CF_PHOTO_A20_P50_s17,PHOTO,FUSION,ped2,0.869280196375713,0.9036188722835896,-3.433867590787665
1,0.2,0.5,CF_MOVE_A20_P50_s17,CF_PHOTO_A20_P50_s17,PHOTO,FUSION,avenue,0.8267631504988524,0.8403010913860134,-1.3537940887160982
1,0.2,0.5,CF_MOVE_A20_P50_s17,CF_PHOTO_A20_P50_s17,PHOTO,FUSION,macro,0.8120817185451722,0.8305350654582598,-1.8453346913087643
1,0.2,0.5,CF_MOVE_A20_P50_s17,CF_PHOTO_A20_P50_s17,PHOTO,PSNR_FROZEN,ped1,0.7292684698224551,0.7286102448690065,0.06582249534485829
1,0.2,0.5,CF_MOVE_A20_P50_s17,CF_PHOTO_A20_P50_s17,PHOTO,PSNR_FROZEN,ped2,0.8734847664428561,0.7879828171251173,8.55019493177388
1,0.2,0.5,CF_MOVE_A20_P50_s17,CF_PHOTO_A20_P50_s17,PHOTO,PSNR_FROZEN,avenue,0.8448690336783924,0.862029052883039,-1.7160019204646604
1,0.2,0.5,CF_MOVE_A20_P50_s17,CF_PHOTO_A20_P50_s17,PHOTO,PSNR_FROZEN,macro,0.8158740899812346,0.7928740382923877,2.300005168884689
1,0.2,0.5,CF_MOVE_A20_P50_s17,CF_PHOTO_A20_P50_s17,PHOTO,FUSION_FROZEN,ped1,0.7313120505629304,0.7235604866448136,0.7751563918116711
1,0.2,0.5,CF_MOVE_A20_P50_s17,CF_PHOTO_A20_P50_s17,PHOTO,FUSION_FROZEN,ped2,0.8624648039852718,0.7684011984694246,9.406360551584726
1,0.2,0.5,CF_MOVE_A20_P50_s17,CF_PHOTO_A20_P50_s17,PHOTO,FUSION_FROZEN,avenue,0.8517479273033866,0.8779146330038877,-2.616670570050117
1,0.2,0.5,CF_MOVE_A20_P50_s17,CF_PHOTO_A20_P50_s17,PHOTO,FUSION_FROZEN,macro,0.8151749272838629,0.7899587727060419,2.5216154577821004
