arm,baseline,physical_gpu,readout,target,arm_AUROC,baseline_AUROC,delta_pp
B0_s17,B0_s17,0,PSNR,ped1,0.753659392959234,0.753659392959234,0.0
B0_s17,B0_s17,0,PSNR,ped2,0.8977023319615912,0.8977023319615912,0.0
B0_s17,B0_s17,0,PSNR,avenue,0.8425303058691274,0.8425303058691274,0.0
B0_s17,B0_s17,0,PSNR,macro,0.8312973435966509,0.8312973435966509,0.0
B0_s17,B0_s17,0,NC,ped1,0.4562011734364683,0.4562011734364683,0.0
B0_s17,B0_s17,0,NC,ped2,0.5522895458811639,0.5522895458811639,0.0
B0_s17,B0_s17,0,NC,avenue,0.6401666939903509,0.6401666939903509,0.0
B0_s17,B0_s17,0,NC,macro,0.549552471102661,0.549552471102661,0.0
B0_s17,B0_s17,0,NC_GAP,ped1,0.4834202228984586,0.4834202228984586,0.0
B0_s17,B0_s17,0,NC_GAP,ped2,0.5583901884340481,0.5583901884340481,0.0
B0_s17,B0_s17,0,NC_GAP,avenue,0.5159428076256499,0.5159428076256499,0.0
B0_s17,B0_s17,0,NC_GAP,macro,0.5192510729860521,0.5192510729860521,0.0
B0_s17,B0_s17,0,LOCAL,ped1,0.7214731087544164,0.7214731087544164,0.0
B0_s17,B0_s17,0,LOCAL,ped2,0.8886849324958487,0.8886849324958487,0.0
B0_s17,B0_s17,0,LOCAL,avenue,0.8335148250503537,0.8335148250503537,0.0
B0_s17,B0_s17,0,LOCAL,macro,0.8145576221002063,0.8145576221002063,0.0
B0_s17,B0_s17,0,FUSION,ped1,0.7534603224402611,0.7534603224402611,0.0
B0_s17,B0_s17,0,FUSION,ped2,0.9039103674824922,0.9039103674824922,0.0
B0_s17,B0_s17,0,FUSION,avenue,0.8493065014754789,0.8493065014754789,0.0
B0_s17,B0_s17,0,FUSION,macro,0.8355590637994107,0.8355590637994107,0.0
B0_s17,B0_s17,0,PSNR_FROZEN,ped1,0.7372880510333715,0.7372880510333715,0.0
B0_s17,B0_s17,0,PSNR_FROZEN,ped2,0.7736029889538661,0.7736029889538661,0.0
B0_s17,B0_s17,0,PSNR_FROZEN,avenue,0.874541336830765,0.874541336830765,0.0
B0_s17,B0_s17,0,PSNR_FROZEN,macro,0.7951441256060008,0.7951441256060008,0.0
B0_s17,B0_s17,0,FUSION_FROZEN,ped1,0.7358025056876999,0.7358025056876999,0.0
B0_s17,B0_s17,0,FUSION_FROZEN,ped2,0.7471518301927659,0.7471518301927659,0.0
B0_s17,B0_s17,0,FUSION_FROZEN,avenue,0.8878504379596234,0.8878504379596234,0.0
B0_s17,B0_s17,0,FUSION_FROZEN,macro,0.7902682579466963,0.7902682579466963,0.0
NC_Y_s17,B0_s17,0,PSNR,ped1,0.7479891546642983,0.753659392959234,-0.5670238294935737
NC_Y_s17,B0_s17,0,PSNR,ped2,0.8707187206699877,0.8977023319615912,-2.6983611291603538
NC_Y_s17,B0_s17,0,PSNR,avenue,0.845459248676753,0.8425303058691274,0.29289428076256785
NC_Y_s17,B0_s17,0,PSNR,macro,0.821389041337013,0.8312973435966509,-0.9908302259637902
NC_Y_s17,B0_s17,0,NC,ped1,0.5088638724875628,0.4562011734364683,5.26626990510945
NC_Y_s17,B0_s17,0,NC,ped2,0.586463973720309,0.5522895458811639,3.417442783914515
NC_Y_s17,B0_s17,0,NC,avenue,0.7266731462831982,0.6401666939903509,8.650645229284738
NC_Y_s17,B0_s17,0,NC,macro,0.6073336641636901,0.549552471102661,5.778119306102902
NC_Y_s17,B0_s17,0,NC_GAP,ped1,0.5356252805818813,0.4834202228984586,5.220505768342271
NC_Y_s17,B0_s17,0,NC_GAP,ped2,0.5007905566385099,0.5583901884340481,-5.759963179553818
NC_Y_s17,B0_s17,0,NC_GAP,avenue,0.6518396177806923,0.5159428076256499,13.58968101550424
NC_Y_s17,B0_s17,0,NC_GAP,macro,0.5627518183336945,0.5192510729860521,4.350074534764237
NC_Y_s17,B0_s17,0,LOCAL,ped1,0.7207775887489334,0.7214731087544164,-0.0695520005483008
NC_Y_s17,B0_s17,0,LOCAL,ped2,0.8538273409862104,0.8886849324958487,-3.4857591509638297
NC_Y_s17,B0_s17,0,LOCAL,avenue,0.8335325307976954,0.8335148250503537,0.0017705747341723033
NC_Y_s17,B0_s17,0,LOCAL,macro,0.8027124868442798,0.8145576221002063,-1.1845135255926564
NC_Y_s17,B0_s17,0,FUSION,ped1,0.7517248348160434,0.7534603224402611,-0.1735487624217713
NC_Y_s17,B0_s17,0,FUSION,ped2,0.8785945058118547,0.9039103674824922,-2.5315861670637485
NC_Y_s17,B0_s17,0,FUSION,avenue,0.8528735772167315,0.8493065014754789,0.356707574125259
NC_Y_s17,B0_s17,0,FUSION,macro,0.8277309726148765,0.8355590637994107,-0.7828091184534203
NC_Y_s17,B0_s17,0,PSNR_FROZEN,ped1,0.727350473626714,0.7372880510333715,-0.9937577406657461
NC_Y_s17,B0_s17,0,PSNR_FROZEN,ped2,0.7352492599812288,0.7736029889538661,-3.8353728972637335
NC_Y_s17,B0_s17,0,PSNR_FROZEN,avenue,0.8432345660218277,0.874541336830765,-3.130677080893729
NC_Y_s17,B0_s17,0,PSNR_FROZEN,macro,0.7686114332099235,0.7951441256060008,-2.653269239607725
NC_Y_s17,B0_s17,0,FUSION_FROZEN,ped1,0.7239775205709611,0.7358025056876999,-1.1824985116738795
NC_Y_s17,B0_s17,0,FUSION_FROZEN,ped2,0.7151397011046133,0.7471518301927659,-3.201212908815254
NC_Y_s17,B0_s17,0,FUSION_FROZEN,avenue,0.8678888004121973,0.8878504379596234,-1.996163754742608
NC_Y_s17,B0_s17,0,FUSION_FROZEN,macro,0.7690020073625905,0.7902682579466963,-2.1266250584105806
NC_X_s17,B0_s17,0,PSNR,ped1,0.7476065123376694,0.753659392959234,-0.6052880621564616
NC_X_s17,B0_s17,0,PSNR,ped2,0.8725687675980074,0.8977023319615912,-2.5133564363583827
NC_X_s17,B0_s17,0,PSNR,avenue,0.8443452152325636,0.8425303058691274,0.18149093634362012
NC_X_s17,B0_s17,0,PSNR,macro,0.8215068317227469,0.8312973435966509,-0.9790511873904006
NC_X_s17,B0_s17,0,NC,ped1,0.5594764069128996,0.4562011734364683,10.327523347643124
NC_X_s17,B0_s17,0,NC,ped2,0.6572955021298101,0.5522895458811639,10.500595624864628
NC_X_s17,B0_s17,0,NC,avenue,0.6812084406763783,0.6401666939903509,4.104174668602745
NC_X_s17,B0_s17,0,NC,macro,0.6326601165730293,0.549552471102661,8.31076454703683
NC_X_s17,B0_s17,0,NC_GAP,ped1,0.5303264388467879,0.4834202228984586,4.690621594832928
NC_X_s17,B0_s17,0,NC_GAP,ped2,0.5169626741751498,0.5583901884340481,-4.1427514258898235
NC_X_s17,B0_s17,0,NC_GAP,avenue,0.6220074125251768,0.5159428076256499,10.606460489952685
NC_X_s17,B0_s17,0,NC_GAP,macro,0.5564321751823714,0.5192510729860521,3.7181102196319316
NC_X_s17,B0_s17,0,LOCAL,ped1,0.7205528778816869,0.7214731087544164,-0.09202308727295216
NC_X_s17,B0_s17,0,LOCAL,ped2,0.8555384087791496,0.8886849324958487,-3.314652371669913
NC_X_s17,B0_s17,0,LOCAL,avenue,0.8360012881165394,0.8335148250503537,0.2486463066185718
NC_X_s17,B0_s17,0,LOCAL,macro,0.8040308582591252,0.8145576221002063,-1.0526763841081088
NC_X_s17,B0_s17,0,FUSION,ped1,0.7514498655946847,0.7534603224402611,-0.2010456845576325
NC_X_s17,B0_s17,0,FUSION,ped2,0.8760883690708252,0.9039103674824922,-2.7821998411666993
NC_X_s17,B0_s17,0,FUSION,avenue,0.8555580823457773,0.8493065014754789,0.6251580870298423
NC_X_s17,B0_s17,0,FUSION,macro,0.8276987723370958,0.8355590637994107,-0.7860291462314928
NC_X_s17,B0_s17,0,PSNR_FROZEN,ped1,0.7268194689658957,0.7372880510333715,-1.0468582067475807
NC_X_s17,B0_s17,0,PSNR_FROZEN,ped2,0.721454227131615,0.7736029889538661,-5.214876182225114
NC_X_s17,B0_s17,0,PSNR_FROZEN,avenue,0.8486097826596094,0.874541336830765,-2.5931554171155557
NC_X_s17,B0_s17,0,PSNR_FROZEN,macro,0.7656278262523734,0.7951441256060008,-2.951629935362743
NC_X_s17,B0_s17,0,FUSION_FROZEN,ped1,0.7250413292152835,0.7358025056876999,-1.0761176472416367
NC_X_s17,B0_s17,0,FUSION_FROZEN,ped2,0.7035376507111399,0.7471518301927659,-4.361417948162593
NC_X_s17,B0_s17,0,FUSION_FROZEN,avenue,0.8574989460864677,0.8878504379596234,-3.0351491873155667
NC_X_s17,B0_s17,0,FUSION_FROZEN,macro,0.7620259753376303,0.7902682579466963,-2.8242282609066027
NC_ORIGIN_s17,B0_s17,0,PSNR,ped1,0.7553656824835037,0.753659392959234,0.17062895242696552
NC_ORIGIN_s17,B0_s17,0,PSNR,ped2,0.8941836329506895,0.8977023319615912,-0.3518699010901738
NC_ORIGIN_s17,B0_s17,0,PSNR,avenue,0.8442833153777695,0.8425303058691274,0.17530095086421005
NC_ORIGIN_s17,B0_s17,0,PSNR,macro,0.8312775436039875,0.8312973435966509,-0.0019799992663327437
NC_ORIGIN_s17,B0_s17,0,NC,ped1,0.4616577830561545,0.4562011734364683,0.5456609619686192
NC_ORIGIN_s17,B0_s17,0,NC,ped2,0.4960571438885279,0.5522895458811639,-5.623240199263596
NC_ORIGIN_s17,B0_s17,0,NC,avenue,0.44647220010304933,0.6401666939903509,-19.369449388730153
NC_ORIGIN_s17,B0_s17,0,NC,macro,0.46806237568257725,0.549552471102661,-8.149009542008379
NC_ORIGIN_s17,B0_s17,0,NC_GAP,ped1,0.44314999080300743,0.4834202228984586,-4.027023209545116
NC_ORIGIN_s17,B0_s17,0,NC_GAP,ped2,0.4854135080499603,0.5583901884340481,-7.297668038408778
NC_ORIGIN_s17,B0_s17,0,NC_GAP,avenue,0.5455111949037426,0.5159428076256499,2.9568387278092634
NC_ORIGIN_s17,B0_s17,0,NC_GAP,macro,0.4913582312522367,0.5192510729860521,-2.7892841733815397
NC_ORIGIN_s17,B0_s17,0,LOCAL,ped1,0.7234365378479757,0.7214731087544164,0.1963429093559288
NC_ORIGIN_s17,B0_s17,0,LOCAL,ped2,0.8824236517218973,0.8886849324958487,-0.6261280773951383
NC_ORIGIN_s17,B0_s17,0,LOCAL,avenue,0.8340859525036302,0.8335148250503537,0.05711274532764765
NC_ORIGIN_s17,B0_s17,0,LOCAL,macro,0.8133153806911677,0.8145576221002063,-0.12422414090386136
NC_ORIGIN_s17,B0_s17,0,FUSION,ped1,0.756517903301618,0.7534603224402611,0.305758086135699
NC_ORIGIN_s17,B0_s17,0,FUSION,ped2,0.8968224315933867,0.9039103674824922,-0.7087935889105501
NC_ORIGIN_s17,B0_s17,0,FUSION,avenue,0.841056958171343,0.8493065014754789,-0.8249543304135964
NC_ORIGIN_s17,B0_s17,0,FUSION,macro,0.8314657643554492,0.8355590637994107,-0.4093299443961529
NC_ORIGIN_s17,B0_s17,0,PSNR_FROZEN,ped1,0.7369350566373619,0.7372880510333715,-0.035299439600955385
NC_ORIGIN_s17,B0_s17,0,PSNR_FROZEN,ped2,0.7923453180275792,0.7736029889538661,1.8742329073713093
NC_ORIGIN_s17,B0_s17,0,PSNR_FROZEN,avenue,0.838522061923275,0.874541336830765,-3.6019274907489907
NC_ORIGIN_s17,B0_s17,0,PSNR_FROZEN,macro,0.7892674788627388,0.7951441256060008,-0.5876646743261937
NC_ORIGIN_s17,B0_s17,0,FUSION_FROZEN,ped1,0.7389684957408805,0.7358025056876999,0.3165990053180634
NC_ORIGIN_s17,B0_s17,0,FUSION_FROZEN,ped2,0.7984622048949535,0.7471518301927659,5.131037470218757
NC_ORIGIN_s17,B0_s17,0,FUSION_FROZEN,avenue,0.8185838446765656,0.8878504379596234,-6.926659328305773
NC_ORIGIN_s17,B0_s17,0,FUSION_FROZEN,macro,0.7853381817708,0.7902682579466963,-0.49300761758963585
CF_PHOTO_A10_P25_s17,B0_s17,0,PSNR,ped1,0.754741399298902,0.753659392959234,0.10820063396680402
CF_PHOTO_A10_P25_s17,B0_s17,0,PSNR,ped2,0.9091374269005847,0.8977023319615912,1.1435094938993529
CF_PHOTO_A10_P25_s17,B0_s17,0,PSNR,avenue,0.8475096608740457,0.8425303058691274,0.49793550049183066
CF_PHOTO_A10_P25_s17,B0_s17,0,PSNR,macro,0.8371294956911774,0.8312973435966509,0.5832152094526588
CF_PHOTO_A10_P25_s17,B0_s17,0,NC,ped1,0.4328201610508306,0.4562011734364683,-2.3381012385637723
CF_PHOTO_A10_P25_s17,B0_s17,0,NC,ped2,0.3932378528626092,0.5522895458811639,-15.905169301855466
CF_PHOTO_A10_P25_s17,B0_s17,0,NC,avenue,0.6205834933720549,0.6401666939903509,-1.9583200618295993
CF_PHOTO_A10_P25_s17,B0_s17,0,NC,macro,0.4822138357618315,0.549552471102661,-6.733863534082952
CF_PHOTO_A10_P25_s17,B0_s17,0,NC_GAP,ped1,0.5247728293768544,0.4834202228984586,4.1352606478395835
CF_PHOTO_A10_P25_s17,B0_s17,0,NC_GAP,ped2,0.4807152913147065,0.5583901884340481,-7.7674897119341555
CF_PHOTO_A10_P25_s17,B0_s17,0,NC_GAP,avenue,0.5251428521242213,0.5159428076256499,0.9200044498571369
CF_PHOTO_A10_P25_s17,B0_s17,0,NC_GAP,macro,0.5102103242719274,0.5192510729860521,-0.9040748714124747
CF_PHOTO_A10_P25_s17,B0_s17,0,LOCAL,ped1,0.721000295825007,0.7214731087544164,-0.04728129294093719
CF_PHOTO_A10_P25_s17,B0_s17,0,LOCAL,ped2,0.8961573171612158,0.8886849324958487,0.7472384665367149
CF_PHOTO_A10_P25_s17,B0_s17,0,LOCAL,avenue,0.8386213405780131,0.8335148250503537,0.5106515527659394
CF_PHOTO_A10_P25_s17,B0_s17,0,LOCAL,macro,0.818592984521412,0.8145576221002063,0.4035362421205724
CF_PHOTO_A10_P25_s17,B0_s17,0,FUSION,ped1,0.7538166701194579,0.7534603224402611,0.0356347679196789
CF_PHOTO_A10_P25_s17,B0_s17,0,FUSION,ped2,0.9069209804346257,0.9039103674824922,0.3010612952133451
CF_PHOTO_A10_P25_s17,B0_s17,0,FUSION,avenue,0.8541884397395663,0.8493065014754789,0.48819382640873377
CF_PHOTO_A10_P25_s17,B0_s17,0,FUSION,macro,0.83830869676455,0.8355590637994107,0.27496329651393037
CF_PHOTO_A10_P25_s17,B0_s17,0,PSNR_FROZEN,ped1,0.7365235433603643,0.7372880510333715,-0.07645076730071754
CF_PHOTO_A10_P25_s17,B0_s17,0,PSNR_FROZEN,ped2,0.7893184607609559,0.7736029889538661,1.5715471807089765
CF_PHOTO_A10_P25_s17,B0_s17,0,PSNR_FROZEN,avenue,0.8742814534638624,0.874541336830765,-0.025988336690252467
CF_PHOTO_A10_P25_s17,B0_s17,0,PSNR_FROZEN,macro,0.8000411525283941,0.7951441256060008,0.4897026922393355
CF_PHOTO_A10_P25_s17,B0_s17,0,FUSION_FROZEN,ped1,0.7361521468005221,0.7358025056876999,0.03496411128222077
CF_PHOTO_A10_P25_s17,B0_s17,0,FUSION_FROZEN,ped2,0.7730741462710273,0.7471518301927659,2.5922316078261454
CF_PHOTO_A10_P25_s17,B0_s17,0,FUSION_FROZEN,avenue,0.8889632067075741,0.8878504379596234,0.11127687479507431
CF_PHOTO_A10_P25_s17,B0_s17,0,FUSION_FROZEN,macro,0.7993964999263744,0.7902682579466963,0.9128241979678098
CF_NOISE_A10_P25_s17,B0_s17,0,PSNR,ped1,0.7402012362491875,0.753659392959234,-1.3458156710046465
CF_NOISE_A10_P25_s17,B0_s17,0,PSNR,ped2,0.8955643996823334,0.8977023319615912,-0.2137932279257848
CF_NOISE_A10_P25_s17,B0_s17,0,PSNR,avenue,0.8461582978125439,0.8425303058691274,0.3627991943416564
CF_NOISE_A10_P25_s17,B0_s17,0,PSNR,macro,0.8273079779146882,0.8312973435966509,-0.398936568196262
CF_NOISE_A10_P25_s17,B0_s17,0,NC,ped1,0.45412659527335925,0.4562011734364683,-0.20745781631090754
CF_NOISE_A10_P25_s17,B0_s17,0,NC,ped2,0.42136488340192046,0.5522895458811639,-13.092466247924339
CF_NOISE_A10_P25_s17,B0_s17,0,NC,avenue,0.605700489484285,0.6401666939903509,-3.4466204506065856
CF_NOISE_A10_P25_s17,B0_s17,0,NC,macro,0.4937306560531882,0.549552471102661,-5.582181504947281
CF_NOISE_A10_P25_s17,B0_s17,0,NC_GAP,ped1,0.5058222810618915,0.4834202228984586,2.240205816343294
CF_NOISE_A10_P25_s17,B0_s17,0,NC_GAP,ped2,0.49811475705725217,0.5583901884340481,-6.027543137679592
CF_NOISE_A10_P25_s17,B0_s17,0,NC_GAP,avenue,0.5705625087826127,0.5159428076256499,5.46197011569628
CF_NOISE_A10_P25_s17,B0_s17,0,NC_GAP,macro,0.5248331823005855,0.5192510729860521,0.5582109314533401
CF_NOISE_A10_P25_s17,B0_s17,0,LOCAL,ped1,0.7127661453838009,0.7214731087544164,-0.8706963370615495
CF_NOISE_A10_P25_s17,B0_s17,0,LOCAL,ped2,0.875917803768681,0.8886849324958487,-1.2767128727167676
CF_NOISE_A10_P25_s17,B0_s17,0,LOCAL,avenue,0.8404670710571924,0.8335148250503537,0.6952246006838747
CF_NOISE_A10_P25_s17,B0_s17,0,LOCAL,macro,0.8097170067365581,0.8145576221002063,-0.4840615363648215
CF_NOISE_A10_P25_s17,B0_s17,0,FUSION,ped1,0.740828218417818,0.7534603224402611,-1.263210402244308
CF_NOISE_A10_P25_s17,B0_s17,0,FUSION,ped2,0.8888952061223017,0.9039103674824922,-1.5015161360190543
CF_NOISE_A10_P25_s17,B0_s17,0,FUSION,avenue,0.8495200243571127,0.8493065014754789,0.021352288163378752
CF_NOISE_A10_P25_s17,B0_s17,0,FUSION,macro,0.8264144829657442,0.8355590637994107,-0.9144580833666538
CF_NOISE_A10_P25_s17,B0_s17,0,PSNR_FROZEN,ped1,0.7225364266743699,0.7372880510333715,-1.475162435900157
CF_NOISE_A10_P25_s17,B0_s17,0,PSNR_FROZEN,ped2,0.756965201068515,0.7736029889538661,-1.6637787885351196
CF_NOISE_A10_P25_s17,B0_s17,0,PSNR_FROZEN,avenue,0.8631189517073399,0.874541336830765,-1.1422385123425083
CF_NOISE_A10_P25_s17,B0_s17,0,PSNR_FROZEN,macro,0.7808735264834082,0.7951441256060008,-1.4270599122592542
CF_NOISE_A10_P25_s17,B0_s17,0,FUSION_FROZEN,ped1,0.7208527513647658,0.7358025056876999,-1.4949754322934106
CF_NOISE_A10_P25_s17,B0_s17,0,FUSION_FROZEN,ped2,0.7330138618150314,0.7471518301927659,-1.413796837773451
CF_NOISE_A10_P25_s17,B0_s17,0,FUSION_FROZEN,avenue,0.8829529954564617,0.8878504379596234,-0.48974425031617086
CF_NOISE_A10_P25_s17,B0_s17,0,FUSION_FROZEN,macro,0.7789398695454196,0.7902682579466963,-1.13283884012767
CF_SELF_A10_P25_s17,B0_s17,0,PSNR,ped1,0.7645882335910155,0.753659392959234,1.0928840631781456
CF_SELF_A10_P25_s17,B0_s17,0,PSNR,ped2,0.9042244242292975,0.8977023319615912,0.6522092267706281
CF_SELF_A10_P25_s17,B0_s17,0,PSNR,avenue,0.8384014239542835,0.8425303058691274,-0.41288819148438405
CF_SELF_A10_P25_s17,B0_s17,0,PSNR,macro,0.8357380272581988,0.8312973435966509,0.44406836615479284
CF_SELF_A10_P25_s17,B0_s17,0,NC,ped1,0.4849611792041154,0.4562011734364683,2.876000576764709
CF_SELF_A10_P25_s17,B0_s17,0,NC,ped2,0.46282217890405025,0.5522895458811639,-8.94673669771136
CF_SELF_A10_P25_s17,B0_s17,0,NC,avenue,0.5423270176589068,0.6401666939903509,-9.783967633144409
CF_SELF_A10_P25_s17,B0_s17,0,NC,macro,0.49670345858902415,0.549552471102661,-5.284901251363689
CF_SELF_A10_P25_s17,B0_s17,0,NC_GAP,ped1,0.46566765544900746,0.4834202228984586,-1.775256744945114
CF_SELF_A10_P25_s17,B0_s17,0,NC_GAP,ped2,0.5171548985632807,0.5583901884340481,-4.123528987076741
CF_SELF_A10_P25_s17,B0_s17,0,NC_GAP,avenue,0.5484196683685418,0.5159428076256499,3.247686074289191
CF_SELF_A10_P25_s17,B0_s17,0,NC_GAP,macro,0.5104140741269433,0.5192510729860521,-0.8836998859108824
CF_SELF_A10_P25_s17,B0_s17,0,LOCAL,ped1,0.7365010518267909,0.7214731087544164,1.5027943072374539
CF_SELF_A10_P25_s17,B0_s17,0,LOCAL,ped2,0.8918985993791062,0.8886849324958487,0.32136668832575266
CF_SELF_A10_P25_s17,B0_s17,0,LOCAL,avenue,0.8284066818117944,0.8335148250503537,-0.5108143238559237
CF_SELF_A10_P25_s17,B0_s17,0,LOCAL,macro,0.8189354443392305,0.8145576221002063,0.4377822239024165
CF_SELF_A10_P25_s17,B0_s17,0,FUSION,ped1,0.7655337367687419,0.7534603224402611,1.2073414328480858
CF_SELF_A10_P25_s17,B0_s17,0,FUSION,ped2,0.8883943397588622,0.9039103674824922,-1.5516027723630033
CF_SELF_A10_P25_s17,B0_s17,0,FUSION,avenue,0.8402489577966181,0.8493065014754789,-0.9057543678860802
CF_SELF_A10_P25_s17,B0_s17,0,FUSION,macro,0.8313923447747408,0.8355590637994107,-0.4166719024669918
CF_SELF_A10_P25_s17,B0_s17,0,PSNR_FROZEN,ped1,0.7427417980942392,0.7372880510333715,0.5453747060867764
CF_SELF_A10_P25_s17,B0_s17,0,PSNR_FROZEN,ped2,0.7738159699660674,0.7736029889538661,0.0212981012201241
CF_SELF_A10_P25_s17,B0_s17,0,PSNR_FROZEN,avenue,0.8614695301887676,0.874541336830765,-1.3071806641997363
CF_SELF_A10_P25_s17,B0_s17,0,PSNR_FROZEN,macro,0.7926757660830247,0.7951441256060008,-0.24683595229760824
CF_SELF_A10_P25_s17,B0_s17,0,FUSION_FROZEN,ped1,0.7410708407245283,0.7358025056876999,0.5268335036828442
CF_SELF_A10_P25_s17,B0_s17,0,FUSION_FROZEN,ped2,0.7357591509638294,0.7471518301927659,-1.1392679228936498
CF_SELF_A10_P25_s17,B0_s17,0,FUSION_FROZEN,avenue,0.876989086139866,0.8878504379596234,-1.0861351819757337
CF_SELF_A10_P25_s17,B0_s17,0,FUSION_FROZEN,macro,0.7846063592760745,0.7902682579466963,-0.5661898670621834
CF_STATIC_A10_P25_s17,B0_s17,0,PSNR,ped1,0.7590352784202404,0.753659392959234,0.5375885461006424
CF_STATIC_A10_P25_s17,B0_s17,0,PSNR,ped2,0.9144619522056169,0.8977023319615912,1.6759620244025664
CF_STATIC_A10_P25_s17,B0_s17,0,PSNR,avenue,0.8459953159398567,0.8425303058691274,0.3465010070729302
CF_STATIC_A10_P25_s17,B0_s17,0,PSNR,macro,0.8398308488552381,0.8312973435966509,0.8533505258587204
CF_STATIC_A10_P25_s17,B0_s17,0,NC,ped1,0.5525627139609366,0.4562011734364683,9.636154052446827
CF_STATIC_A10_P25_s17,B0_s17,0,NC,ped2,0.6326637065915819,0.5522895458811639,8.037416071041804
CF_STATIC_A10_P25_s17,B0_s17,0,NC,avenue,0.654215197433135,0.6401666939903509,1.4048503442784188
CF_STATIC_A10_P25_s17,B0_s17,0,NC,macro,0.6131472059952179,0.549552471102661,6.359473489255684
CF_STATIC_A10_P25_s17,B0_s17,0,NC_GAP,ped1,0.5235354678807406,0.4834202228984586,4.011524498228197
CF_STATIC_A10_P25_s17,B0_s17,0,NC_GAP,ped2,0.5146460544365028,0.5583901884340481,-4.374413399754529
CF_STATIC_A10_P25_s17,B0_s17,0,NC_GAP,avenue,0.582849969553609,0.5159428076256499,6.690716192795909
CF_STATIC_A10_P25_s17,B0_s17,0,NC_GAP,macro,0.5403438306236175,0.5192510729860521,2.109275763756535
CF_STATIC_A10_P25_s17,B0_s17,0,LOCAL,ped1,0.7321192103623321,0.7214731087544164,1.0646101607915681
CF_STATIC_A10_P25_s17,B0_s17,0,LOCAL,ped2,0.9013681322648184,0.8886849324958487,1.26831997689697
CF_STATIC_A10_P25_s17,B0_s17,0,LOCAL,avenue,0.83928137149281,0.8335148250503537,0.5766546442456333
CF_STATIC_A10_P25_s17,B0_s17,0,LOCAL,macro,0.8242562380399868,0.8145576221002063,0.9698615939780497
CF_STATIC_A10_P25_s17,B0_s17,0,FUSION,ped1,0.7725409945003702,0.7534603224402611,1.9080672060109105
CF_STATIC_A10_P25_s17,B0_s17,0,FUSION,ped2,0.8787993646668111,0.9039103674824922,-2.5111002815681127
CF_STATIC_A10_P25_s17,B0_s17,0,FUSION,avenue,0.8434341889549862,0.8493065014754789,-0.5872312520492695
CF_STATIC_A10_P25_s17,B0_s17,0,FUSION,macro,0.8315915160407225,0.8355590637994107,-0.3967547758688239
CF_STATIC_A10_P25_s17,B0_s17,0,PSNR_FROZEN,ped1,0.7401523682807872,0.7372880510333715,0.28643172474157597
CF_STATIC_A10_P25_s17,B0_s17,0,PSNR_FROZEN,ped2,0.7715670348711284,0.7736029889538661,-0.2035954082737712
CF_STATIC_A10_P25_s17,B0_s17,0,PSNR_FROZEN,avenue,0.8715835402126564,0.874541336830765,-0.2957796618108577
CF_STATIC_A10_P25_s17,B0_s17,0,PSNR_FROZEN,macro,0.7944343144548572,0.7951441256060008,-0.07098111511435468
CF_STATIC_A10_P25_s17,B0_s17,0,FUSION_FROZEN,ped1,0.7372720615976857,0.7358025056876999,0.14695559099857647
CF_STATIC_A10_P25_s17,B0_s17,0,FUSION_FROZEN,ped2,0.7209840444733232,0.7471518301927659,-2.616778571944267
CF_STATIC_A10_P25_s17,B0_s17,0,FUSION_FROZEN,avenue,0.8840602370134433,0.8878504379596234,-0.37902009461801
CF_STATIC_A10_P25_s17,B0_s17,0,FUSION_FROZEN,macro,0.7807721143614841,0.7902682579466963,-0.9496143585212224
CF_MOVE_A10_P25_s17,B0_s17,0,PSNR,ped1,0.7687988940381324,0.753659392959234,1.5139501078898387
CF_MOVE_A10_P25_s17,B0_s17,0,PSNR,ped2,0.9051313984549852,0.8977023319615912,0.7429066493394032
CF_MOVE_A10_P25_s17,B0_s17,0,PSNR,avenue,0.8438036207784908,0.8425303058691274,0.12733149093634433
CF_MOVE_A10_P25_s17,B0_s17,0,PSNR,macro,0.8392446377572028,0.8312973435966509,0.7947294160551954
CF_MOVE_A10_P25_s17,B0_s17,0,NC,ped1,0.4308961534815708,0.4562011734364683,-2.5305019954897534
CF_MOVE_A10_P25_s17,B0_s17,0,NC,ped2,0.45407822539888815,0.5522895458811639,-9.821132048227572
CF_MOVE_A10_P25_s17,B0_s17,0,NC,avenue,0.5448013138788702,0.6401666939903509,-9.536538011148066
CF_MOVE_A10_P25_s17,B0_s17,0,NC,macro,0.4765918975864431,0.549552471102661,-7.296057351621793
CF_MOVE_A10_P25_s17,B0_s17,0,NC_GAP,ped1,0.451887665340375,0.4834202228984586,-3.1532557558083596
CF_MOVE_A10_P25_s17,B0_s17,0,NC_GAP,ped2,0.41724785214063964,0.5583901884340481,-14.114233629340845
CF_MOVE_A10_P25_s17,B0_s17,0,NC_GAP,avenue,0.47852305728605554,0.5159428076256499,-3.741975033959438
CF_MOVE_A10_P25_s17,B0_s17,0,NC_GAP,macro,0.4492195249223567,0.5192510729860521,-7.003154806369539
CF_MOVE_A10_P25_s17,B0_s17,0,LOCAL,ped1,0.7423739183923739,0.7214731087544164,2.0900809637957485
CF_MOVE_A10_P25_s17,B0_s17,0,LOCAL,ped2,0.8975669626741751,0.8886849324958487,0.888203017832645
CF_MOVE_A10_P25_s17,B0_s17,0,LOCAL,avenue,0.8335165581526067,0.8335148250503537,0.00017331022530431284
CF_MOVE_A10_P25_s17,B0_s17,0,LOCAL,macro,0.824485813073052,0.8145576221002063,0.9928190972845696
CF_MOVE_A10_P25_s17,B0_s17,0,FUSION,ped1,0.772562831734785,0.7534603224402611,1.910250929452395
CF_MOVE_A10_P25_s17,B0_s17,0,FUSION,ped2,0.8898743773012779,0.9039103674824922,-1.4035990181214264
CF_MOVE_A10_P25_s17,B0_s17,0,FUSION,avenue,0.8429844255000234,0.8493065014754789,-0.6322075975455532
CF_MOVE_A10_P25_s17,B0_s17,0,FUSION,macro,0.835140544845362,0.8355590637994107,-0.041851895404865225
CF_MOVE_A10_P25_s17,B0_s17,0,PSNR_FROZEN,ped1,0.7455857911740441,0.7372880510333715,0.8297740140672638
CF_MOVE_A10_P25_s17,B0_s17,0,PSNR_FROZEN,ped2,0.807555411161649,0.7736029889538661,3.395242220778283
CF_MOVE_A10_P25_s17,B0_s17,0,PSNR_FROZEN,avenue,0.8647076443861539,0.874541336830765,-0.9833692444611075
CF_MOVE_A10_P25_s17,B0_s17,0,PSNR_FROZEN,macro,0.8059496155739491,0.7951441256060008,1.0805489967948279
CF_MOVE_A10_P25_s17,B0_s17,0,FUSION_FROZEN,ped1,0.7450370386485516,0.7358025056876999,0.9234532960851749
CF_MOVE_A10_P25_s17,B0_s17,0,FUSION_FROZEN,ped2,0.7970543643058263,0.7471518301927659,4.990253411306044
CF_MOVE_A10_P25_s17,B0_s17,0,FUSION_FROZEN,avenue,0.8754836526300998,0.8878504379596234,-1.2366785329523622
CF_MOVE_A10_P25_s17,B0_s17,0,FUSION_FROZEN,macro,0.8058583518614926,0.7902682579466963,1.5590093914796266
CF_SHUFFLE_A10_P25_s17,B0_s17,0,PSNR,ped1,0.7632438941824872,0.753659392959234,0.9584501223253161
CF_SHUFFLE_A10_P25_s17,B0_s17,0,PSNR,ped2,0.9066935600317667,0.8977023319615912,0.8991228070175494
CF_SHUFFLE_A10_P25_s17,B0_s17,0,PSNR,avenue,0.8481816478523584,0.8425303058691274,0.5651341983231029
CF_SHUFFLE_A10_P25_s17,B0_s17,0,PSNR,macro,0.839373034022204,0.8312973435966509,0.8075690425553117
CF_SHUFFLE_A10_P25_s17,B0_s17,0,NC,ped1,0.4243340645399054,0.4562011734364683,-3.1867108896562915
CF_SHUFFLE_A10_P25_s17,B0_s17,0,NC,ped2,0.4300420547252906,0.5522895458811639,-12.224749115587324
CF_SHUFFLE_A10_P25_s17,B0_s17,0,NC,avenue,0.5880145088762939,0.6401666939903509,-5.215218511405695
CF_SHUFFLE_A10_P25_s17,B0_s17,0,NC,macro,0.4807968760471633,0.549552471102661,-6.875559505549772
CF_SHUFFLE_A10_P25_s17,B0_s17,0,NC_GAP,ped1,0.4474962547507231,0.4834202228984586,-3.5923968147735517
CF_SHUFFLE_A10_P25_s17,B0_s17,0,NC_GAP,ped2,0.4424139051332034,0.5583901884340481,-11.59762833008447
CF_SHUFFLE_A10_P25_s17,B0_s17,0,NC_GAP,avenue,0.523118366199822,0.5159428076256499,0.717555857417207
CF_SHUFFLE_A10_P25_s17,B0_s17,0,NC_GAP,macro,0.47100950869458286,0.5192510729860521,-4.824156429146925
CF_SHUFFLE_A10_P25_s17,B0_s17,0,LOCAL,ped1,0.7382483986232564,0.7214731087544164,1.6775289868840026
CF_SHUFFLE_A10_P25_s17,B0_s17,0,LOCAL,ped2,0.8933804418453541,0.8886849324958487,0.4695509349505467
CF_SHUFFLE_A10_P25_s17,B0_s17,0,LOCAL,avenue,0.8374454072790295,0.8335148250503537,0.39305822286758163
CF_SHUFFLE_A10_P25_s17,B0_s17,0,LOCAL,macro,0.8230247492492134,0.8145576221002063,0.8467127149007103
CF_SHUFFLE_A10_P25_s17,B0_s17,0,FUSION,ped1,0.7596526505699804,0.7534603224402611,0.6192328129719371
CF_SHUFFLE_A10_P25_s17,B0_s17,0,FUSION,ped2,0.9050339325680457,0.9039103674824922,0.11235650855534463
CF_SHUFFLE_A10_P25_s17,B0_s17,0,FUSION,avenue,0.8502114150545693,0.8493065014754789,0.0904913579090394
CF_SHUFFLE_A10_P25_s17,B0_s17,0,FUSION,macro,0.8382993327308651,0.8355590637994107,0.2740268931454404
CF_SHUFFLE_A10_P25_s17,B0_s17,0,PSNR_FROZEN,ped1,0.7346527384914299,0.7372880510333715,-0.26353125419416035
CF_SHUFFLE_A10_P25_s17,B0_s17,0,PSNR_FROZEN,ped2,0.7723593964334705,0.7736029889538661,-0.1243592520395631
CF_SHUFFLE_A10_P25_s17,B0_s17,0,PSNR_FROZEN,avenue,0.8762981989788748,0.874541336830765,0.17568621481098834
CF_SHUFFLE_A10_P25_s17,B0_s17,0,PSNR_FROZEN,macro,0.794436777967925,0.7951441256060008,-0.07073476380757837
CF_SHUFFLE_A10_P25_s17,B0_s17,0,FUSION_FROZEN,ped1,0.7322482708713457,0.7358025056876999,-0.3554234816354196
CF_SHUFFLE_A10_P25_s17,B0_s17,0,FUSION_FROZEN,ped2,0.7502093711645369,0.7471518301927659,0.3057540971771022
CF_SHUFFLE_A10_P25_s17,B0_s17,0,FUSION_FROZEN,avenue,0.8848083282589349,0.8878504379596234,-0.3042109700688522
CF_SHUFFLE_A10_P25_s17,B0_s17,0,FUSION_FROZEN,macro,0.7890886567649392,0.7902682579466963,-0.1179601181757084
CF_PHOTO_A10_P50_s17,B0_s17,0,PSNR,ped1,0.749427386002071,0.753659392959234,-0.42320069571629704
CF_PHOTO_A10_P50_s17,B0_s17,0,PSNR,ped2,0.9099000072196953,0.8977023319615912,1.2197675258104113
CF_PHOTO_A10_P50_s17,B0_s17,0,PSNR,avenue,0.8455121785563726,0.8425303058691274,0.2981872687245257
CF_PHOTO_A10_P50_s17,B0_s17,0,PSNR,macro,0.8349465239260464,0.8312973435966509,0.36491803293955405
CF_PHOTO_A10_P50_s17,B0_s17,0,NC,ped1,0.49827547188668714,0.4562011734364683,4.207429845021881
CF_PHOTO_A10_P50_s17,B0_s17,0,NC,ped2,0.5430537506317233,0.5522895458811639,-0.9235795249440515
CF_PHOTO_A10_P50_s17,B0_s17,0,NC,avenue,0.6073702515340297,0.6401666939903509,-3.2796442456321184
CF_PHOTO_A10_P50_s17,B0_s17,0,NC,macro,0.5495664913508134,0.549552471102661,0.001402024815233549
CF_PHOTO_A10_P50_s17,B0_s17,0,NC_GAP,ped1,0.5221747709932498,0.4834202228984586,3.8754548094791232
CF_PHOTO_A10_P50_s17,B0_s17,0,NC_GAP,ped2,0.518472492960797,0.5583901884340481,-3.991769547325108
CF_PHOTO_A10_P50_s17,B0_s17,0,NC_GAP,avenue,0.5103012201976673,0.5159428076256499,-0.5641587427982597
CF_PHOTO_A10_P50_s17,B0_s17,0,NC_GAP,macro,0.5169828280505714,0.5192510729860521,-0.22682449354807233
CF_PHOTO_A10_P50_s17,B0_s17,0,LOCAL,ped1,0.7239106593757021,0.7214731087544164,0.24375506212857
CF_PHOTO_A10_P50_s17,B0_s17,0,LOCAL,ped2,0.8974839361778932,0.8886849324958487,0.8799003682044559
CF_PHOTO_A10_P50_s17,B0_s17,0,LOCAL,avenue,0.8356214108389152,0.8335148250503537,0.2106585788561488
CF_PHOTO_A10_P50_s17,B0_s17,0,LOCAL,macro,0.8190053354641701,0.8145576221002063,0.4447713363963768
CF_PHOTO_A10_P50_s17,B0_s17,0,FUSION,ped1,0.7484337918361949,0.7534603224402611,-0.5026530604066215
CF_PHOTO_A10_P50_s17,B0_s17,0,FUSION,ped2,0.9082918200851924,0.9039103674824922,0.43814526027001754
CF_PHOTO_A10_P50_s17,B0_s17,0,FUSION,avenue,0.8487201742470374,0.8493065014754789,-0.058632722844154106
CF_PHOTO_A10_P50_s17,B0_s17,0,FUSION,macro,0.8351485953894748,0.8355590637994107,-0.04104684099358602
CF_PHOTO_A10_P50_s17,B0_s17,0,PSNR_FROZEN,ped1,0.7367286661465534,0.7372880510333715,-0.05593848868180595
CF_PHOTO_A10_P50_s17,B0_s17,0,PSNR_FROZEN,ped2,0.788813984549852,0.7736029889538661,1.5210995595985821
CF_PHOTO_A10_P50_s17,B0_s17,0,PSNR_FROZEN,avenue,0.8589304768373226,0.874541336830765,-1.561085999344236
CF_PHOTO_A10_P50_s17,B0_s17,0,PSNR_FROZEN,macro,0.794824375844576,0.7951441256060008,-0.03197497614247924
CF_PHOTO_A10_P50_s17,B0_s17,0,FUSION_FROZEN,ped1,0.7304347171787798,0.7358025056876999,-0.5367788508920057
CF_PHOTO_A10_P50_s17,B0_s17,0,FUSION_FROZEN,ped2,0.7591365244386686,0.7471518301927659,1.198469424590276
CF_PHOTO_A10_P50_s17,B0_s17,0,FUSION_FROZEN,avenue,0.887983629209799,0.8878504379596234,0.013319125017563493
CF_PHOTO_A10_P50_s17,B0_s17,0,FUSION_FROZEN,macro,0.7925182902757492,0.7902682579466963,0.22500323290528534
CF_NOISE_A10_P50_s17,B0_s17,0,PSNR,ped1,0.7428317642285326,0.753659392959234,-1.0827628730701422
CF_NOISE_A10_P50_s17,B0_s17,0,PSNR,ped2,0.8845128510576854,0.8977023319615912,-1.3189480903905815
CF_NOISE_A10_P50_s17,B0_s17,0,PSNR,avenue,0.8446777483722891,0.8425303058691274,0.21474425031617894
CF_NOISE_A10_P50_s17,B0_s17,0,PSNR,macro,0.8240074545528356,0.8312973435966509,-0.7289889043815223
CF_NOISE_A10_P50_s17,B0_s17,0,NC,ped1,0.42985160576872666,0.4562011734364683,-2.634956766774166
CF_NOISE_A10_P50_s17,B0_s17,0,NC,ped2,0.45073099415204676,0.5522895458811639,-10.15585517291171
CF_NOISE_A10_P50_s17,B0_s17,0,NC,avenue,0.6122760902149984,0.6401666939903509,-2.7890603775352463
CF_NOISE_A10_P50_s17,B0_s17,0,NC,macro,0.49761956337859065,0.549552471102661,-5.193290772407039
CF_NOISE_A10_P50_s17,B0_s17,0,NC_GAP,ped1,0.5162933985386065,0.4834202228984586,3.287317564014786
CF_NOISE_A10_P50_s17,B0_s17,0,NC_GAP,ped2,0.47736535268211683,0.5583901884340481,-8.102483575193126
CF_NOISE_A10_P50_s17,B0_s17,0,NC_GAP,avenue,0.5621987680921823,0.5159428076256499,4.625596046653236
CF_NOISE_A10_P50_s17,B0_s17,0,NC_GAP,macro,0.5186191731043018,0.5192510729860521,-0.06318998817502752
CF_NOISE_A10_P50_s17,B0_s17,0,LOCAL,ped1,0.7173408006315295,0.7214731087544164,-0.41323081228868963
CF_NOISE_A10_P50_s17,B0_s17,0,LOCAL,ped2,0.8642191899501841,0.8886849324958487,-2.446574254566458
CF_NOISE_A10_P50_s17,B0_s17,0,LOCAL,avenue,0.837879479132512,0.8335148250503537,0.4364654082158359
CF_NOISE_A10_P50_s17,B0_s17,0,LOCAL,macro,0.8064798232380751,0.8145576221002063,-0.8077798862131225
CF_NOISE_A10_P50_s17,B0_s17,0,FUSION,ped1,0.7440688803624621,0.7534603224402611,-0.9391442077798962
CF_NOISE_A10_P50_s17,B0_s17,0,FUSION,ped2,0.8902561186917912,0.9039103674824922,-1.3654248790700985
CF_NOISE_A10_P50_s17,B0_s17,0,FUSION,avenue,0.8492450231860977,0.8493065014754789,-0.006147828938118938
CF_NOISE_A10_P50_s17,B0_s17,0,FUSION,macro,0.8278566740801171,0.8355590637994107,-0.7702389719293601
CF_NOISE_A10_P50_s17,B0_s17,0,PSNR_FROZEN,ped1,0.7217636175807893,0.7372880510333715,-1.5524433452582143
CF_NOISE_A10_P50_s17,B0_s17,0,PSNR_FROZEN,ped2,0.7367554689192116,0.7736029889538661,-3.6847520034654524
CF_NOISE_A10_P50_s17,B0_s17,0,PSNR_FROZEN,avenue,0.8664236615298141,0.874541336830765,-0.8117675300950866
CF_NOISE_A10_P50_s17,B0_s17,0,PSNR_FROZEN,macro,0.7749809160099383,0.7951441256060008,-2.0163209596062437
CF_NOISE_A10_P50_s17,B0_s17,0,FUSION_FROZEN,ped1,0.7201247617635423,0.7358025056876999,-1.567774392415755
CF_NOISE_A10_P50_s17,B0_s17,0,FUSION_FROZEN,ped2,0.7224893509493899,0.7471518301927659,-2.4662479243375945
CF_NOISE_A10_P50_s17,B0_s17,0,FUSION_FROZEN,avenue,0.8805868893156588,0.8878504379596234,-0.7263548643964612
CF_NOISE_A10_P50_s17,B0_s17,0,FUSION_FROZEN,macro,0.7744003340095302,0.7902682579466963,-1.5867923937166073
CF_SELF_A10_P50_s17,B0_s17,0,PSNR,ped1,0.7798296826575473,0.753659392959234,2.6170289698313254
CF_SELF_A10_P50_s17,B0_s17,0,PSNR,ped2,0.9132743123240199,0.8977023319615912,1.5571980362428683
CF_SELF_A10_P50_s17,B0_s17,0,PSNR,avenue,0.8391333551922807,0.8425303058691274,-0.3396950676846644
CF_SELF_A10_P50_s17,B0_s17,0,PSNR,macro,0.844079116724616,0.8312973435966509,1.2781773127965135
CF_SELF_A10_P50_s17,B0_s17,0,NC,ped1,0.4919472948941847,0.4562011734364683,3.5746121457716384
CF_SELF_A10_P50_s17,B0_s17,0,NC,ped2,0.535132842394051,0.5522895458811639,-1.7156703487112845
CF_SELF_A10_P50_s17,B0_s17,0,NC,avenue,0.5326495151997752,0.6401666939903509,-10.751717879057566
CF_SELF_A10_P50_s17,B0_s17,0,NC,macro,0.5199098841626703,0.549552471102661,-2.964258693999078
CF_SELF_A10_P50_s17,B0_s17,0,NC_GAP,ped1,0.44085164232769214,0.4834202228984586,-4.256858057076646
CF_SELF_A10_P50_s17,B0_s17,0,NC_GAP,ped2,0.5220444372247491,0.5583901884340481,-3.634575120929895
CF_SELF_A10_P50_s17,B0_s17,0,NC_GAP,avenue,0.444102124221275,0.5159428076256499,-7.184068340437494
CF_SELF_A10_P50_s17,B0_s17,0,NC_GAP,macro,0.46899940125790546,0.5192510729860521,-5.025167172814665
CF_SELF_A10_P50_s17,B0_s17,0,LOCAL,ped1,0.7591668743384933,0.7214731087544164,3.769376558407689
CF_SELF_A10_P50_s17,B0_s17,0,LOCAL,ped2,0.9082223305176521,0.8886849324958487,1.9537398021803432
CF_SELF_A10_P50_s17,B0_s17,0,LOCAL,avenue,0.8284682420722282,0.8335148250503537,-0.5046582978125436
CF_SELF_A10_P50_s17,B0_s17,0,LOCAL,macro,0.8319524823094578,0.8145576221002063,1.7394860209251517
CF_SELF_A10_P50_s17,B0_s17,0,FUSION,ped1,0.7796851234372166,0.7534603224402611,2.6224800996955566
CF_SELF_A10_P50_s17,B0_s17,0,FUSION,ped2,0.867376904194643,0.9039103674824922,-3.6533463287849233
CF_SELF_A10_P50_s17,B0_s17,0,FUSION,avenue,0.815596374537449,0.8493065014754789,-3.3710126938029883
CF_SELF_A10_P50_s17,B0_s17,0,FUSION,macro,0.8208861340564363,0.8355590637994107,-1.4672929742974405
CF_SELF_A10_P50_s17,B0_s17,0,PSNR_FROZEN,ped1,0.7479002926598348,0.7372880510333715,1.0612241626463348
CF_SELF_A10_P50_s17,B0_s17,0,PSNR_FROZEN,ped2,0.8014719153851707,0.7736029889538661,2.7868926431304564
CF_SELF_A10_P50_s17,B0_s17,0,PSNR_FROZEN,avenue,0.865940067450466,0.874541336830765,-0.8601269380298926
CF_SELF_A10_P50_s17,B0_s17,0,PSNR_FROZEN,macro,0.805104091831824,0.7951441256060008,0.995996622582318
CF_SELF_A10_P50_s17,B0_s17,0,FUSION_FROZEN,ped1,0.7505447653899954,0.7358025056876999,1.474225970229548
CF_SELF_A10_P50_s17,B0_s17,0,FUSION_FROZEN,ped2,0.7618330806439968,0.7471518301927659,1.468125045123092
CF_SELF_A10_P50_s17,B0_s17,0,FUSION_FROZEN,avenue,0.8166952784673756,0.8878504379596234,-7.115515949224783
CF_SELF_A10_P50_s17,B0_s17,0,FUSION_FROZEN,macro,0.7763577081671226,0.7902682579466963,-1.3910549779573733
CF_STATIC_A10_P50_s17,B0_s17,0,PSNR,ped1,0.7414048604449415,0.753659392959234,-1.2254532514292538
CF_STATIC_A10_P50_s17,B0_s17,0,PSNR,ped2,0.8880107934445166,0.8977023319615912,-0.9691538517074605
CF_STATIC_A10_P50_s17,B0_s17,0,PSNR,avenue,0.7468207175980139,0.8425303058691274,-9.570958827111342
CF_STATIC_A10_P50_s17,B0_s17,0,PSNR,macro,0.792078790495824,0.8312973435966509,-3.921855310082689
CF_STATIC_A10_P50_s17,B0_s17,0,NC,ped1,0.43362229092545135,0.4562011734364683,-2.257888251101697
CF_STATIC_A10_P50_s17,B0_s17,0,NC,ped2,0.5013121796260198,0.5522895458811639,-5.097736625514404
CF_STATIC_A10_P50_s17,B0_s17,0,NC,avenue,0.5664172443674177,0.6401666939903509,-7.374944962293317
CF_STATIC_A10_P50_s17,B0_s17,0,NC,macro,0.5004505716396296,0.549552471102661,-4.910189946303145
CF_STATIC_A10_P50_s17,B0_s17,0,NC_GAP,ped1,0.5059452893036891,0.4834202228984586,2.25250664052305
CF_STATIC_A10_P50_s17,B0_s17,0,NC_GAP,ped2,0.4724442278535846,0.5583901884340481,-8.59459605804635
CF_STATIC_A10_P50_s17,B0_s17,0,NC_GAP,avenue,0.5736901025809171,0.5159428076256499,5.774729495526721
CF_STATIC_A10_P50_s17,B0_s17,0,NC_GAP,macro,0.5173598732460636,0.5192510729860521,-0.1891199739988525
CF_STATIC_A10_P50_s17,B0_s17,0,LOCAL,ped1,0.7156435486143866,0.7214731087544164,-0.5829560140029777
CF_STATIC_A10_P50_s17,B0_s17,0,LOCAL,ped2,0.8609531802757924,0.8886849324958487,-2.7731752220056305
CF_STATIC_A10_P50_s17,B0_s17,0,LOCAL,avenue,0.6764999531593986,0.8335148250503537,-15.70148718909551
CF_STATIC_A10_P50_s17,B0_s17,0,LOCAL,macro,0.7510322273498592,0.8145576221002063,-6.352539475034713
CF_STATIC_A10_P50_s17,B0_s17,0,FUSION,ped1,0.7443823305530799,0.7534603224402611,-0.9077991887181169
CF_STATIC_A10_P50_s17,B0_s17,0,FUSION,ped2,0.8888789618078117,0.9039103674824922,-1.5031405674680531
CF_STATIC_A10_P50_s17,B0_s17,0,FUSION,avenue,0.7458363623588927,0.8493065014754789,-10.347013911658621
CF_STATIC_A10_P50_s17,B0_s17,0,FUSION,macro,0.7930325515732615,0.8355590637994107,-4.252651222614922
CF_STATIC_A10_P50_s17,B0_s17,0,PSNR_FROZEN,ped1,0.7343540918192731,0.7372880510333715,-0.2933959214098336
CF_STATIC_A10_P50_s17,B0_s17,0,PSNR_FROZEN,ped2,0.7560248357519312,0.7736029889538661,-1.7578153201934898
CF_STATIC_A10_P50_s17,B0_s17,0,PSNR_FROZEN,avenue,0.768250620637969,0.874541336830765,-10.629071619279596
CF_STATIC_A10_P50_s17,B0_s17,0,PSNR_FROZEN,macro,0.7528765160697245,0.7951441256060008,-4.226760953627629
CF_STATIC_A10_P50_s17,B0_s17,0,FUSION_FROZEN,ped1,0.7341182578663321,0.7358025056876999,-0.16842478213677792
CF_STATIC_A10_P50_s17,B0_s17,0,FUSION_FROZEN,ped2,0.7393924626380767,0.7471518301927659,-0.77593675546892
CF_STATIC_A10_P50_s17,B0_s17,0,FUSION_FROZEN,avenue,0.7862448592439927,0.8878504379596234,-10.16055787156307
CF_STATIC_A10_P50_s17,B0_s17,0,FUSION_FROZEN,macro,0.7532518599161339,0.7902682579466963,-3.7016398030562447
CF_MOVE_A10_P50_s17,B0_s17,0,PSNR,ped1,0.7773199955540372,0.753659392959234,2.366060259480318
CF_MOVE_A10_P50_s17,B0_s17,0,PSNR,ped2,0.9153535845787307,0.8977023319615912,1.7651252617139512
CF_MOVE_A10_P50_s17,B0_s17,0,PSNR,avenue,0.8252375872406201,0.8425303058691274,-1.729271862850723
CF_MOVE_A10_P50_s17,B0_s17,0,PSNR,macro,0.8393037224577959,0.8312973435966509,0.800637886114508
CF_MOVE_A10_P50_s17,B0_s17,0,NC,ped1,0.4864617734304324,0.4562011734364683,3.0260599993964075
CF_MOVE_A10_P50_s17,B0_s17,0,NC,ped2,0.6087737347483936,0.5522895458811639,5.648418886722972
CF_MOVE_A10_P50_s17,B0_s17,0,NC,avenue,0.5694280879666495,0.6401666939903509,-7.073860602370141
CF_MOVE_A10_P50_s17,B0_s17,0,NC,macro,0.5548878653818251,0.549552471102661,0.5335394279164074
CF_MOVE_A10_P50_s17,B0_s17,0,NC_GAP,ped1,0.46338775003122235,0.4834202228984586,-2.0032472867236253
CF_MOVE_A10_P50_s17,B0_s17,0,NC_GAP,ped2,0.4586500974658869,0.5583901884340481,-9.974009096816117
CF_MOVE_A10_P50_s17,B0_s17,0,NC_GAP,avenue,0.5727435359970022,0.5159428076256499,5.6800728371352305
CF_MOVE_A10_P50_s17,B0_s17,0,NC_GAP,macro,0.49826046116470385,0.5192510729860521,-2.099061182134826
CF_MOVE_A10_P50_s17,B0_s17,0,LOCAL,ped1,0.7619538616041142,0.7214731087544164,4.0480752849697765
CF_MOVE_A10_P50_s17,B0_s17,0,LOCAL,ped2,0.9060248357519313,0.8886849324958487,1.733990325608259
CF_MOVE_A10_P50_s17,B0_s17,0,LOCAL,avenue,0.8113428966227927,0.8335148250503537,-2.2171928427560994
CF_MOVE_A10_P50_s17,B0_s17,0,LOCAL,macro,0.8264405313262794,0.8145576221002063,1.1882909226073046
CF_MOVE_A10_P50_s17,B0_s17,0,FUSION,ped1,0.7760533541705805,0.7534603224402611,2.2593031730319457
CF_MOVE_A10_P50_s17,B0_s17,0,FUSION,ped2,0.8937477438452097,0.9039103674824922,-1.0162623637282486
CF_MOVE_A10_P50_s17,B0_s17,0,FUSION,avenue,0.8357170359267413,0.8493065014754789,-1.3589465548737634
CF_MOVE_A10_P50_s17,B0_s17,0,FUSION,macro,0.8351727113141773,0.8355590637994107,-0.03863524852334432
CF_MOVE_A10_P50_s17,B0_s17,0,PSNR_FROZEN,ped1,0.748553733050687,0.7372880510333715,1.1265682017315481
CF_MOVE_A10_P50_s17,B0_s17,0,PSNR_FROZEN,ped2,0.82563984549852,0.7736029889538661,5.203685654465384
CF_MOVE_A10_P50_s17,B0_s17,0,PSNR_FROZEN,avenue,0.863866761909223,0.874541336830765,-1.0674574921542002
CF_MOVE_A10_P50_s17,B0_s17,0,PSNR_FROZEN,macro,0.81268678015281,0.7951441256060008,1.7542654546809255
CF_MOVE_A10_P50_s17,B0_s17,0,FUSION_FROZEN,ped1,0.7499021618289559,0.7358025056876999,1.4099656141255967
CF_MOVE_A10_P50_s17,B0_s17,0,FUSION_FROZEN,ped2,0.8091491589054942,0.7471518301927659,6.199732871272834
CF_MOVE_A10_P50_s17,B0_s17,0,FUSION_FROZEN,avenue,0.8538827813949131,0.8878504379596234,-3.3967656564710236
CF_MOVE_A10_P50_s17,B0_s17,0,FUSION_FROZEN,macro,0.8043113673764544,0.7902682579466963,1.404310942975806
CF_SHUFFLE_A10_P50_s17,B0_s17,0,PSNR,ped1,0.7625951974605341,0.753659392959234,0.8935804501300049
CF_SHUFFLE_A10_P50_s17,B0_s17,0,PSNR,ped2,0.902670384809761,0.8977023319615912,0.4968052848169813
CF_SHUFFLE_A10_P50_s17,B0_s17,0,PSNR,avenue,0.8355222258653802,0.8425303058691274,-0.7008080003747197
CF_SHUFFLE_A10_P50_s17,B0_s17,0,PSNR,macro,0.8335959360452251,0.8312973435966509,0.22985924485742215
CF_SHUFFLE_A10_P50_s17,B0_s17,0,NC,ped1,0.5332639558125606,0.4562011734364683,7.706278237609227
CF_SHUFFLE_A10_P50_s17,B0_s17,0,NC,ped2,0.5458026496281857,0.5522895458811639,-0.6486896252978158
CF_SHUFFLE_A10_P50_s17,B0_s17,0,NC,avenue,0.5839050658110451,0.6401666939903509,-5.62616281793058
CF_SHUFFLE_A10_P50_s17,B0_s17,0,NC,macro,0.5543238904172637,0.549552471102661,0.4771419314602676
CF_SHUFFLE_A10_P50_s17,B0_s17,0,NC_GAP,ped1,0.4770916778626795,0.4834202228984586,-0.6328545035779121
CF_SHUFFLE_A10_P50_s17,B0_s17,0,NC_GAP,ped2,0.4741552956465237,0.5583901884340481,-8.423489278752438
CF_SHUFFLE_A10_P50_s17,B0_s17,0,NC_GAP,avenue,0.5799173263384702,0.5159428076256499,6.397451871282023
CF_SHUFFLE_A10_P50_s17,B0_s17,0,NC_GAP,macro,0.5103880999492244,0.5192510729860521,-0.8862973036827704
CF_SHUFFLE_A10_P50_s17,B0_s17,0,LOCAL,ped1,0.7389425691367251,0.7214731087544164,1.7469460382308677
CF_SHUFFLE_A10_P50_s17,B0_s17,0,LOCAL,ped2,0.8984261064183091,0.8886849324958487,0.9741173922460433
CF_SHUFFLE_A10_P50_s17,B0_s17,0,LOCAL,avenue,0.8338937186753478,0.8335148250503537,0.03788936249941033
CF_SHUFFLE_A10_P50_s17,B0_s17,0,LOCAL,macro,0.8237541314101273,0.8145576221002063,0.9196509309920997
CF_SHUFFLE_A10_P50_s17,B0_s17,0,FUSION,ped1,0.7715170163173214,0.7534603224402611,1.8056693877060326
CF_SHUFFLE_A10_P50_s17,B0_s17,0,FUSION,ped2,0.8902218251389792,0.9039103674824922,-1.3688542343513022
CF_SHUFFLE_A10_P50_s17,B0_s17,0,FUSION,avenue,0.8374566021827721,0.8493065014754789,-1.1849899292706856
CF_SHUFFLE_A10_P50_s17,B0_s17,0,FUSION,macro,0.8330651478796908,0.8355590637994107,-0.24939159197199245
CF_SHUFFLE_A10_P50_s17,B0_s17,0,PSNR_FROZEN,ped1,0.7365554404443411,0.7372880510333715,-0.07326105890304024
CF_SHUFFLE_A10_P50_s17,B0_s17,0,PSNR_FROZEN,ped2,0.7881290159555266,0.7736029889538661,1.4526027001660502
CF_SHUFFLE_A10_P50_s17,B0_s17,0,PSNR_FROZEN,avenue,0.8669188603681671,0.874541336830765,-0.7622476462597838
CF_SHUFFLE_A10_P50_s17,B0_s17,0,PSNR_FROZEN,macro,0.797201105589345,0.7951441256060008,0.20569799833441982
CF_SHUFFLE_A10_P50_s17,B0_s17,0,FUSION_FROZEN,ped1,0.7336782416822424,0.7358025056876999,-0.21242640054575102
CF_SHUFFLE_A10_P50_s17,B0_s17,0,FUSION_FROZEN,ped2,0.7699678723557866,0.7471518301927659,2.281604216302069
CF_SHUFFLE_A10_P50_s17,B0_s17,0,FUSION_FROZEN,avenue,0.8817487001733102,0.8878504379596234,-0.6101737786313177
CF_SHUFFLE_A10_P50_s17,B0_s17,0,FUSION_FROZEN,macro,0.795131604737113,0.7902682579466963,0.4863346790416667
B1_s17,B1_s17,1,PSNR,ped1,0.753659392959234,0.753659392959234,0.0
B1_s17,B1_s17,1,PSNR,ped2,0.8977023319615912,0.8977023319615912,0.0
B1_s17,B1_s17,1,PSNR,avenue,0.8425303058691274,0.8425303058691274,0.0
B1_s17,B1_s17,1,PSNR,macro,0.8312973435966509,0.8312973435966509,0.0
B1_s17,B1_s17,1,NC,ped1,0.4562011734364683,0.4562011734364683,0.0
B1_s17,B1_s17,1,NC,ped2,0.5522895458811639,0.5522895458811639,0.0
B1_s17,B1_s17,1,NC,avenue,0.6401666939903509,0.6401666939903509,0.0
B1_s17,B1_s17,1,NC,macro,0.549552471102661,0.549552471102661,0.0
B1_s17,B1_s17,1,NC_GAP,ped1,0.4834202228984586,0.4834202228984586,0.0
B1_s17,B1_s17,1,NC_GAP,ped2,0.5583901884340481,0.5583901884340481,0.0
B1_s17,B1_s17,1,NC_GAP,avenue,0.5159428076256499,0.5159428076256499,0.0
B1_s17,B1_s17,1,NC_GAP,macro,0.5192510729860521,0.5192510729860521,0.0
B1_s17,B1_s17,1,LOCAL,ped1,0.7214731087544164,0.7214731087544164,0.0
B1_s17,B1_s17,1,LOCAL,ped2,0.8886849324958487,0.8886849324958487,0.0
B1_s17,B1_s17,1,LOCAL,avenue,0.8335148250503537,0.8335148250503537,0.0
B1_s17,B1_s17,1,LOCAL,macro,0.8145576221002063,0.8145576221002063,0.0
B1_s17,B1_s17,1,FUSION,ped1,0.7534603224402611,0.7534603224402611,0.0
B1_s17,B1_s17,1,FUSION,ped2,0.9039103674824922,0.9039103674824922,0.0
B1_s17,B1_s17,1,FUSION,avenue,0.8493065014754789,0.8493065014754789,0.0
B1_s17,B1_s17,1,FUSION,macro,0.8355590637994107,0.8355590637994107,0.0
B1_s17,B1_s17,1,PSNR_FROZEN,ped1,0.7372880510333715,0.7372880510333715,0.0
B1_s17,B1_s17,1,PSNR_FROZEN,ped2,0.7736029889538661,0.7736029889538661,0.0
B1_s17,B1_s17,1,PSNR_FROZEN,avenue,0.874541336830765,0.874541336830765,0.0
B1_s17,B1_s17,1,PSNR_FROZEN,macro,0.7951441256060008,0.7951441256060008,0.0
B1_s17,B1_s17,1,FUSION_FROZEN,ped1,0.7358025056876999,0.7358025056876999,0.0
B1_s17,B1_s17,1,FUSION_FROZEN,ped2,0.7471518301927659,0.7471518301927659,0.0
B1_s17,B1_s17,1,FUSION_FROZEN,avenue,0.8878504379596234,0.8878504379596234,0.0
B1_s17,B1_s17,1,FUSION_FROZEN,macro,0.7902682579466963,0.7902682579466963,0.0
NC_PRED_s17,B1_s17,1,PSNR,ped1,0.7449837950545288,0.753659392959234,-0.8675597904705179
NC_PRED_s17,B1_s17,1,PSNR,ped2,0.8831438163309508,0.8977023319615912,-1.4558515630640367
NC_PRED_s17,B1_s17,1,PSNR,avenue,0.8384806314113074,0.8425303058691274,-0.4049674457820007
NC_PRED_s17,B1_s17,1,PSNR,macro,0.822202747598929,0.8312973435966509,-0.9094595997721888
NC_PRED_s17,B1_s17,1,NC,ped1,0.4529244023570146,0.4562011734364683,-0.3276771079453733
NC_PRED_s17,B1_s17,1,NC,ped2,0.4079272254710851,0.5522895458811639,-14.436232041007873
NC_PRED_s17,B1_s17,1,NC,avenue,0.5035983067122581,0.6401666939903509,-13.656838727809273
NC_PRED_s17,B1_s17,1,NC,macro,0.454816644846786,0.549552471102661,-9.4735826255875
NC_PRED_s17,B1_s17,1,NC_GAP,ped1,0.4048307561171042,0.4834202228984586,-7.8589466781354425
NC_PRED_s17,B1_s17,1,NC_GAP,ped2,0.3236237455779366,0.5583901884340481,-23.476644285611147
NC_PRED_s17,B1_s17,1,NC_GAP,avenue,0.41804803503676985,0.5159428076256499,-9.789477258888008
NC_PRED_s17,B1_s17,1,NC_GAP,macro,0.3821675122439369,0.5192510729860521,-13.708356074211519
NC_PRED_s17,B1_s17,1,LOCAL,ped1,0.7194572948344798,0.7214731087544164,-0.20158139199365488
NC_PRED_s17,B1_s17,1,LOCAL,ped2,0.8764619883040936,0.8886849324958487,-1.222294419175507
NC_PRED_s17,B1_s17,1,LOCAL,avenue,0.8179455946414352,0.8335148250503537,-1.5569230408918444
NC_PRED_s17,B1_s17,1,LOCAL,macro,0.8046216259266695,0.8145576221002063,-0.9935996173536799
NC_PRED_s17,B1_s17,1,FUSION,ped1,0.718305932784011,0.7534603224402611,-3.5154389656250062
NC_PRED_s17,B1_s17,1,FUSION,ped2,0.8646243953505162,0.9039103674824922,-3.9285972131976044
NC_PRED_s17,B1_s17,1,FUSION,avenue,0.8053881446437772,0.8493065014754789,-4.391835683170175
NC_PRED_s17,B1_s17,1,FUSION,macro,0.7961061575927681,0.8355590637994107,-3.9452906206642546
NC_PRED_s17,B1_s17,1,PSNR_FROZEN,ped1,0.7206345425954068,0.7372880510333715,-1.6653508437964648
NC_PRED_s17,B1_s17,1,PSNR_FROZEN,ped2,0.7066096310735687,0.7736029889538661,-6.699335788029748
NC_PRED_s17,B1_s17,1,PSNR_FROZEN,avenue,0.880810916202164,0.874541336830765,0.6269579371399048
NC_PRED_s17,B1_s17,1,PSNR_FROZEN,macro,0.7693516966237132,0.7951441256060008,-2.579242898228762
NC_PRED_s17,B1_s17,1,FUSION_FROZEN,ped1,0.7161009855135713,0.7358025056876999,-1.9701520174128628
NC_PRED_s17,B1_s17,1,FUSION_FROZEN,ped2,0.676945707891127,0.7471518301927659,-7.020612230163891
NC_PRED_s17,B1_s17,1,FUSION_FROZEN,avenue,0.7922274579605603,0.8878504379596234,-9.56229799990631
NC_PRED_s17,B1_s17,1,FUSION_FROZEN,macro,0.7284247171217527,0.7902682579466963,-6.184354082494359
NC_MIX50_s17,B1_s17,1,PSNR,ped1,0.7467658606000921,0.753659392959234,-0.6893532359141918
NC_MIX50_s17,B1_s17,1,PSNR,ped2,0.8952756118691791,0.8977023319615912,-0.24267200924120713
NC_MIX50_s17,B1_s17,1,PSNR,avenue,0.8469117523068996,0.8425303058691274,0.4381446437772274
NC_MIX50_s17,B1_s17,1,PSNR,macro,0.8296510749253901,0.8312973435966509,-0.164626867126072
NC_MIX50_s17,B1_s17,1,NC,ped1,0.5595161555867784,0.4562011734364683,10.331498215031004
NC_MIX50_s17,B1_s17,1,NC,ped2,0.5912488267995091,0.5522895458811639,3.895928091834522
NC_MIX50_s17,B1_s17,1,NC,avenue,0.6975702023513982,0.6401666939903509,5.740350836104735
NC_MIX50_s17,B1_s17,1,NC,macro,0.6161117282458952,0.549552471102661,6.655925714323418
NC_MIX50_s17,B1_s17,1,NC_GAP,ped1,0.5295041074856486,0.4834202228984586,4.6083884587189985
NC_MIX50_s17,B1_s17,1,NC_GAP,ped2,0.6355985127427622,0.5583901884340481,7.7208324308714165
NC_MIX50_s17,B1_s17,1,NC_GAP,avenue,0.6555676495386201,0.5159428076256499,13.962484191297019
NC_MIX50_s17,B1_s17,1,NC_GAP,macro,0.6068900899223437,0.5192510729860521,8.763901693629162
NC_MIX50_s17,B1_s17,1,LOCAL,ped1,0.7207870760867316,0.7214731087544164,-0.06860326676847439
NC_MIX50_s17,B1_s17,1,LOCAL,ped2,0.8759972204172984,0.8886849324958487,-1.268771207855024
NC_MIX50_s17,B1_s17,1,LOCAL,avenue,0.8358020750386435,0.8335148250503537,0.22872499882897745
NC_MIX50_s17,B1_s17,1,LOCAL,macro,0.8108621238475578,0.8145576221002063,-0.3695498252648477
NC_MIX50_s17,B1_s17,1,FUSION,ped1,0.749904083832734,0.7534603224402611,-0.35562386075270735
NC_MIX50_s17,B1_s17,1,FUSION,ped2,0.8937008158255721,0.9039103674824922,-1.0209551656920057
NC_MIX50_s17,B1_s17,1,FUSION,avenue,0.849164410511031,0.8493065014754789,-0.014209096444794955
NC_MIX50_s17,B1_s17,1,FUSION,macro,0.8309231033897791,0.8355590637994107,-0.46359604096315454
NC_MIX50_s17,B1_s17,1,PSNR_FROZEN,ped1,0.7230855881368365,0.7372880510333715,-1.4202462896534929
NC_MIX50_s17,B1_s17,1,PSNR_FROZEN,ped2,0.719845137535196,0.7736029889538661,-5.375785141867018
NC_MIX50_s17,B1_s17,1,PSNR_FROZEN,avenue,0.8489587334301373,0.874541336830765,-2.558260340062768
NC_MIX50_s17,B1_s17,1,PSNR_FROZEN,macro,0.7639631530340566,0.7951441256060008,-3.1180972571944188
NC_MIX50_s17,B1_s17,1,FUSION_FROZEN,ped1,0.7206347879575913,0.7358025056876999,-1.516771773010861
NC_MIX50_s17,B1_s17,1,FUSION_FROZEN,ped2,0.699065049454913,0.7471518301927659,-4.8086780737852886
NC_MIX50_s17,B1_s17,1,FUSION_FROZEN,avenue,0.8519248910956017,0.8878504379596234,-3.592554686402172
NC_MIX50_s17,B1_s17,1,FUSION_FROZEN,macro,0.7572082428360353,0.7902682579466963,-3.3060015110661034
NC_OFF_s17,B1_s17,1,PSNR,ped1,0.7407911278342706,0.753659392959234,-1.2868265124963418
NC_OFF_s17,B1_s17,1,PSNR,ped2,0.8575906071763771,0.8977023319615912,-4.011172478521408
NC_OFF_s17,B1_s17,1,PSNR,avenue,0.8366231205208675,0.8425303058691274,-0.5907185348259847
NC_OFF_s17,B1_s17,1,PSNR,macro,0.8116682851771717,0.8312973435966509,-1.962905841947915
NC_OFF_s17,B1_s17,1,NC,ped1,0.5368340982772057,0.4562011734364683,8.063292484073742
NC_OFF_s17,B1_s17,1,NC,ped2,0.6204642264096455,0.5522895458811639,6.817468052848163
NC_OFF_s17,B1_s17,1,NC,avenue,0.6928262916295845,0.6401666939903509,5.265959763923367
NC_OFF_s17,B1_s17,1,NC,macro,0.6167082054388119,0.549552471102661,6.715573433615085
NC_OFF_s17,B1_s17,1,NC_GAP,ped1,0.4749511381656543,0.4834202228984586,-0.8469084732804277
NC_OFF_s17,B1_s17,1,NC_GAP,ped2,0.3554463576637066,0.5583901884340481,-20.29438307703415
NC_OFF_s17,B1_s17,1,NC_GAP,avenue,0.3844392243196403,0.5159428076256499,-13.150358330600964
NC_OFF_s17,B1_s17,1,NC_GAP,macro,0.40494557338300047,0.5192510729860521,-11.430549960305164
NC_OFF_s17,B1_s17,1,LOCAL,ped1,0.7161895612621529,0.7214731087544164,-0.5283547492263452
NC_OFF_s17,B1_s17,1,LOCAL,ped2,0.8542379611580392,0.8886849324958487,-3.4446971337809495
NC_OFF_s17,B1_s17,1,LOCAL,avenue,0.8327051149936765,0.8335148250503537,-0.0809710056677182
NC_OFF_s17,B1_s17,1,LOCAL,macro,0.8010442124712895,0.8145576221002063,-1.3513409628916784
NC_OFF_s17,B1_s17,1,FUSION,ped1,0.7412656991926685,0.7534603224402611,-1.2194623247592573
NC_OFF_s17,B1_s17,1,FUSION,ped2,0.859796224099343,0.9039103674824922,-4.411414338314923
NC_OFF_s17,B1_s17,1,FUSION,avenue,0.8442624947304324,0.8493065014754789,-0.504400674504657
NC_OFF_s17,B1_s17,1,FUSION,macro,0.8151081393408145,0.8355590637994107,-2.04509244585962
NC_OFF_s17,B1_s17,1,PSNR_FROZEN,ped1,0.7250114768161771,0.7372880510333715,-1.2276574217194414
NC_OFF_s17,B1_s17,1,PSNR_FROZEN,ped2,0.7372608475922316,0.7736029889538661,-3.6342141361634495
NC_OFF_s17,B1_s17,1,PSNR_FROZEN,avenue,0.8599706894936531,0.874541336830765,-1.4570647337111886
NC_OFF_s17,B1_s17,1,PSNR_FROZEN,macro,0.7740810046340205,0.7951441256060008,-2.1063120971980265
NC_OFF_s17,B1_s17,1,FUSION_FROZEN,ped1,0.7204808640805547,0.7358025056876999,-1.532164160714522
NC_OFF_s17,B1_s17,1,FUSION_FROZEN,ped2,0.7194119558154646,0.7471518301927659,-2.77398743773013
NC_OFF_s17,B1_s17,1,FUSION_FROZEN,avenue,0.8674991100285727,0.8878504379596234,-2.0351327931050656
NC_OFF_s17,B1_s17,1,FUSION_FROZEN,macro,0.7691306433081974,0.7902682579466963,-2.1137614638498947
CF_PHOTO_A20_P25_s17,B1_s17,1,PSNR,ped1,0.7563904785405007,0.753659392959234,0.2731085581266668
CF_PHOTO_A20_P25_s17,B1_s17,1,PSNR,ped2,0.9080734243014945,0.8977023319615912,1.0371092339903298
CF_PHOTO_A20_P25_s17,B1_s17,1,PSNR,avenue,0.843435488781676,0.8425303058691274,0.09051829125485966
CF_PHOTO_A20_P25_s17,B1_s17,1,PSNR,macro,0.8359664638745571,0.8312973435966509,0.46691202779062246
CF_PHOTO_A20_P25_s17,B1_s17,1,NC,ped1,0.551456703020891,0.4562011734364683,9.525552958442269
CF_PHOTO_A20_P25_s17,B1_s17,1,NC,ped2,0.5843413832936251,0.5522895458811639,3.2051837412461204
CF_PHOTO_A20_P25_s17,B1_s17,1,NC,avenue,0.5941464002997798,0.6401666939903509,-4.602029369057103
CF_PHOTO_A20_P25_s17,B1_s17,1,NC,macro,0.5766481622047653,0.549552471102661,2.7095691102104302
CF_PHOTO_A20_P25_s17,B1_s17,1,NC_GAP,ped1,0.5283326257360559,0.4834202228984586,4.491240283759729
CF_PHOTO_A20_P25_s17,B1_s17,1,NC_GAP,ped2,0.5007373113854595,0.5583901884340481,-5.765287704858856
CF_PHOTO_A20_P25_s17,B1_s17,1,NC_GAP,avenue,0.4991108717035927,0.5159428076256499,-1.6831935922057228
CF_PHOTO_A20_P25_s17,B1_s17,1,NC_GAP,macro,0.5093936029417027,0.5192510729860521,-0.9857470044349448
CF_PHOTO_A20_P25_s17,B1_s17,1,LOCAL,ped1,0.7277101336954007,0.7214731087544164,0.6237024940984326
CF_PHOTO_A20_P25_s17,B1_s17,1,LOCAL,ped2,0.8933335138257166,0.8886849324958487,0.4648581329867896
CF_PHOTO_A20_P25_s17,B1_s17,1,LOCAL,avenue,0.8413400861867066,0.8335148250503537,0.7825261136352957
CF_PHOTO_A20_P25_s17,B1_s17,1,LOCAL,macro,0.8207945779026081,0.8145576221002063,0.62369558024018
CF_PHOTO_A20_P25_s17,B1_s17,1,FUSION,ped1,0.7626345371974388,0.7534603224402611,0.9174214757177723
CF_PHOTO_A20_P25_s17,B1_s17,1,FUSION,ped2,0.8793390368926431,0.9039103674824922,-2.457133058984906
CF_PHOTO_A20_P25_s17,B1_s17,1,FUSION,avenue,0.8381764485455994,0.8493065014754789,-1.1130052929879564
CF_PHOTO_A20_P25_s17,B1_s17,1,FUSION,macro,0.8267166742118937,0.8355590637994107,-0.8842389587517041
CF_PHOTO_A20_P25_s17,B1_s17,1,PSNR_FROZEN,ped1,0.7370547524896697,0.7372880510333715,-0.02332985437017987
CF_PHOTO_A20_P25_s17,B1_s17,1,PSNR_FROZEN,ped2,0.7925555916540322,0.7736029889538661,1.8952602700166077
CF_PHOTO_A20_P25_s17,B1_s17,1,PSNR_FROZEN,avenue,0.8734056278982623,0.874541336830765,-0.11357089325026992
CF_PHOTO_A20_P25_s17,B1_s17,1,PSNR_FROZEN,macro,0.801005324013988,0.7951441256060008,0.5861198407987267
CF_PHOTO_A20_P25_s17,B1_s17,1,FUSION_FROZEN,ped1,0.7356245363165885,0.7358025056876999,-0.01779693711113639
CF_PHOTO_A20_P25_s17,B1_s17,1,FUSION_FROZEN,ped2,0.7747924337592954,0.7471518301927659,2.764060356652953
CF_PHOTO_A20_P25_s17,B1_s17,1,FUSION_FROZEN,avenue,0.8850136071947163,0.8878504379596234,-0.2836830764907039
CF_PHOTO_A20_P25_s17,B1_s17,1,FUSION_FROZEN,macro,0.7984768590902002,0.7902682579466963,0.8208601143503858
CF_NOISE_A20_P25_s17,B1_s17,1,PSNR,ped1,0.7414404379616847,0.753659392959234,-1.2218954997549325
CF_NOISE_A20_P25_s17,B1_s17,1,PSNR,ped2,0.9000045123095806,0.8977023319615912,0.23021803479893466
CF_NOISE_A20_P25_s17,B1_s17,1,PSNR,avenue,0.8441090800505878,0.8425303058691274,0.15787741814604628
CF_NOISE_A20_P25_s17,B1_s17,1,PSNR,macro,0.8285180101072843,0.8312973435966509,-0.2779333489366542
CF_NOISE_A20_P25_s17,B1_s17,1,NC,ped1,0.4333639245452396,0.4562011734364683,-2.2837248891228734
CF_NOISE_A20_P25_s17,B1_s17,1,NC,ped2,0.4467312829398599,0.5522895458811639,-10.555826294130394
CF_NOISE_A20_P25_s17,B1_s17,1,NC,avenue,0.5671670570050119,0.6401666939903509,-7.299963698533896
CF_NOISE_A20_P25_s17,B1_s17,1,NC,macro,0.48242075483003716,0.549552471102661,-6.713171627262388
CF_NOISE_A20_P25_s17,B1_s17,1,NC_GAP,ped1,0.494104764581936,0.4834202228984586,1.0684541683477378
CF_NOISE_A20_P25_s17,B1_s17,1,NC_GAP,ped2,0.41023301566673886,0.5583901884340481,-14.815717276730922
CF_NOISE_A20_P25_s17,B1_s17,1,NC_GAP,avenue,0.5096777015316877,0.5159428076256499,-0.6265106093962247
CF_NOISE_A20_P25_s17,B1_s17,1,NC_GAP,macro,0.4713384939267875,0.5192510729860521,-4.791257905926461
CF_NOISE_A20_P25_s17,B1_s17,1,LOCAL,ped1,0.717349102052103,0.7214731087544164,-0.41240067023133875
CF_NOISE_A20_P25_s17,B1_s17,1,LOCAL,ped2,0.8821881091617934,0.8886849324958487,-0.6496823334055324
CF_NOISE_A20_P25_s17,B1_s17,1,LOCAL,avenue,0.8409748700173311,0.8335148250503537,0.7460044966977386
CF_NOISE_A20_P25_s17,B1_s17,1,LOCAL,macro,0.8135040270770758,0.8145576221002063,-0.10535950231305158
CF_NOISE_A20_P25_s17,B1_s17,1,FUSION,ped1,0.7436849703312136,0.7534603224402611,-0.9775352109047453
CF_NOISE_A20_P25_s17,B1_s17,1,FUSION,ped2,0.898711284383799,0.9039103674824922,-0.5199083098693214
CF_NOISE_A20_P25_s17,B1_s17,1,FUSION,avenue,0.8460470513841398,0.8493065014754789,-0.32594500913391
CF_NOISE_A20_P25_s17,B1_s17,1,FUSION,macro,0.8294811020330508,0.8355590637994107,-0.6077961766359885
CF_NOISE_A20_P25_s17,B1_s17,1,PSNR_FROZEN,ped1,0.7205338214186956,0.7372880510333715,-1.6754229614675875
CF_NOISE_A20_P25_s17,B1_s17,1,PSNR_FROZEN,ped2,0.7631831636704931,0.7736029889538661,-1.041982528337304
CF_NOISE_A20_P25_s17,B1_s17,1,PSNR_FROZEN,avenue,0.8574806782519088,0.874541336830765,-1.7060658578856192
CF_NOISE_A20_P25_s17,B1_s17,1,PSNR_FROZEN,macro,0.7803992211136991,0.7951441256060008,-1.4744904492301703
CF_NOISE_A20_P25_s17,B1_s17,1,FUSION_FROZEN,ped1,0.7189439971446385,0.7358025056876999,-1.6858508543061368
CF_NOISE_A20_P25_s17,B1_s17,1,FUSION_FROZEN,ped2,0.739589199335788,0.7471518301927659,-0.7562630856977837
CF_NOISE_A20_P25_s17,B1_s17,1,FUSION_FROZEN,avenue,0.8763658719377957,0.8878504379596234,-1.148456602182768
CF_NOISE_A20_P25_s17,B1_s17,1,FUSION_FROZEN,macro,0.7782996894727408,0.7902682579466963,-1.1968568473955554
CF_SELF_A20_P25_s17,B1_s17,1,PSNR,ped1,0.7788138832139796,0.753659392959234,2.5154490254745587
CF_SELF_A20_P25_s17,B1_s17,1,PSNR,ped2,0.9191123384593171,0.8977023319615912,2.141000649772584
CF_SELF_A20_P25_s17,B1_s17,1,PSNR,avenue,0.837216930535388,0.8425303058691274,-0.5313375333739323
CF_SELF_A20_P25_s17,B1_s17,1,PSNR,macro,0.8450477174028949,0.8312973435966509,1.3750373806243998
CF_SELF_A20_P25_s17,B1_s17,1,NC,ped1,0.429315121352456,0.4562011734364683,-2.688605208401235
CF_SELF_A20_P25_s17,B1_s17,1,NC,ped2,0.38841509638293265,0.5522895458811639,-16.38744494982312
CF_SELF_A20_P25_s17,B1_s17,1,NC,avenue,0.5386016558152606,0.6401666939903509,-10.156503817509021
CF_SELF_A20_P25_s17,B1_s17,1,NC,macro,0.4521106245168831,0.549552471102661,-9.744184658577792
CF_SELF_A20_P25_s17,B1_s17,1,NC_GAP,ped1,0.4681437279332497,0.4834202228984586,-1.5276494965208887
CF_SELF_A20_P25_s17,B1_s17,1,NC_GAP,ped2,0.4574687748177027,0.5583901884340481,-10.092141361634537
CF_SELF_A20_P25_s17,B1_s17,1,NC_GAP,avenue,0.5751570682467563,0.5159428076256499,5.921426062110635
CF_SELF_A20_P25_s17,B1_s17,1,NC_GAP,macro,0.5002565236659029,0.5192510729860521,-1.8994549320149212
CF_SELF_A20_P25_s17,B1_s17,1,LOCAL,ped1,0.7550123609379149,0.7214731087544164,3.3539252183498514
CF_SELF_A20_P25_s17,B1_s17,1,LOCAL,ped2,0.9063271604938271,0.8886849324958487,1.7642227997978432
CF_SELF_A20_P25_s17,B1_s17,1,LOCAL,avenue,0.8191109888050963,0.8335148250503537,-1.4403836245257429
CF_SELF_A20_P25_s17,B1_s17,1,LOCAL,macro,0.8268168367456128,0.8145576221002063,1.2259214645406469
CF_SELF_A20_P25_s17,B1_s17,1,FUSION,ped1,0.7781025373476005,0.7534603224402611,2.464221490733942
CF_SELF_A20_P25_s17,B1_s17,1,FUSION,ped2,0.917562811349361,0.9039103674824922,1.3652443866868813
CF_SELF_A20_P25_s17,B1_s17,1,FUSION,avenue,0.844738793386107,0.8493065014754789,-0.45677080893719024
CF_SELF_A20_P25_s17,B1_s17,1,FUSION,macro,0.8468013806943562,0.8355590637994107,1.124231689494548
CF_SELF_A20_P25_s17,B1_s17,1,PSNR_FROZEN,ped1,0.7498542753092934,0.7372880510333715,1.2566224275921911
CF_SELF_A20_P25_s17,B1_s17,1,PSNR_FROZEN,ped2,0.808068911991914,0.7736029889538661,3.446592303804785
CF_SELF_A20_P25_s17,B1_s17,1,PSNR_FROZEN,avenue,0.859497154433463,0.874541336830765,-1.5044182397301986
CF_SELF_A20_P25_s17,B1_s17,1,PSNR_FROZEN,macro,0.8058067805782234,0.7951441256060008,1.066265497222263
CF_SELF_A20_P25_s17,B1_s17,1,FUSION_FROZEN,ped1,0.7488044114157865,0.7358025056876999,1.3001905728086571
CF_SELF_A20_P25_s17,B1_s17,1,FUSION_FROZEN,ped2,0.802030539311241,0.7471518301927659,5.487870911847514
CF_SELF_A20_P25_s17,B1_s17,1,FUSION_FROZEN,avenue,0.8657133120989273,0.8878504379596234,-2.213712586069605
CF_SELF_A20_P25_s17,B1_s17,1,FUSION_FROZEN,macro,0.8055160876086515,0.7902682579466963,1.5247829661955148
CF_STATIC_A20_P25_s17,B1_s17,1,PSNR,ped1,0.7558591058364057,0.753659392959234,0.2199712877171689
CF_STATIC_A20_P25_s17,B1_s17,1,PSNR,ped2,0.9084136524438668,0.8977023319615912,1.0711320482275632
CF_STATIC_A20_P25_s17,B1_s17,1,PSNR,avenue,0.8454402079722704,0.8425303058691274,0.2909902103143014
CF_STATIC_A20_P25_s17,B1_s17,1,PSNR,macro,0.8365709887508476,0.8312973435966509,0.5273645154196704
CF_STATIC_A20_P25_s17,B1_s17,1,NC,ped1,0.4257000367143615,0.4562011734364683,-3.0501136722106805
CF_STATIC_A20_P25_s17,B1_s17,1,NC,ped2,0.44311511804201864,0.5522895458811639,-10.917442783914522
CF_STATIC_A20_P25_s17,B1_s17,1,NC,avenue,0.5730642067544147,0.6401666939903509,-6.710248723593615
CF_STATIC_A20_P25_s17,B1_s17,1,NC,macro,0.4806264538369316,0.549552471102661,-6.892601726572945
CF_STATIC_A20_P25_s17,B1_s17,1,NC_GAP,ped1,0.5009828800171557,0.4834202228984586,1.7562657118697145
CF_STATIC_A20_P25_s17,B1_s17,1,NC_GAP,ped2,0.4845164609053498,0.5583901884340481,-7.3873727528698305
CF_STATIC_A20_P25_s17,B1_s17,1,NC_GAP,avenue,0.5588637641107311,0.5159428076256499,4.292095648508121
CF_STATIC_A20_P25_s17,B1_s17,1,NC_GAP,macro,0.5147877016777455,0.5192510729860521,-0.4463371308306652
CF_STATIC_A20_P25_s17,B1_s17,1,LOCAL,ped1,0.7241827660382423,0.7214731087544164,0.27096572838258837
CF_STATIC_A20_P25_s17,B1_s17,1,LOCAL,ped2,0.8944850552306692,0.8886849324958487,0.5800122734820556
CF_STATIC_A20_P25_s17,B1_s17,1,LOCAL,avenue,0.8362381844582885,0.8335148250503537,0.2723359407934778
CF_STATIC_A20_P25_s17,B1_s17,1,LOCAL,macro,0.8183020019090667,0.8145576221002063,0.3744379808860332
CF_STATIC_A20_P25_s17,B1_s17,1,FUSION,ped1,0.7553586487675499,0.7534603224402611,0.1898326327288813
CF_STATIC_A20_P25_s17,B1_s17,1,FUSION,ped2,0.9077575626308569,0.9039103674824922,0.3847195148364735
CF_STATIC_A20_P25_s17,B1_s17,1,FUSION,avenue,0.8502457023748184,0.8493065014754789,0.09392008993395207
CF_STATIC_A20_P25_s17,B1_s17,1,FUSION,macro,0.8377873045910751,0.8355590637994107,0.22282407916643932
CF_STATIC_A20_P25_s17,B1_s17,1,PSNR_FROZEN,ped1,0.7380130553946843,0.7372880510333715,0.07250043613128421
CF_STATIC_A20_P25_s17,B1_s17,1,PSNR_FROZEN,ped2,0.7773229369720598,0.7736029889538661,0.3719948018193642
CF_STATIC_A20_P25_s17,B1_s17,1,PSNR_FROZEN,avenue,0.8645458920792543,0.874541336830765,-0.9995444751510707
CF_STATIC_A20_P25_s17,B1_s17,1,PSNR_FROZEN,macro,0.7932939614819995,0.7951441256060008,-0.18501641240012967
CF_STATIC_A20_P25_s17,B1_s17,1,FUSION_FROZEN,ped1,0.7372512875994034,0.7358025056876999,0.14487819117035006
CF_STATIC_A20_P25_s17,B1_s17,1,FUSION_FROZEN,ped2,0.7666233484946935,0.7471518301927659,1.9471518301927615
CF_STATIC_A20_P25_s17,B1_s17,1,FUSION_FROZEN,avenue,0.8779394819429481,0.8878504379596234,-0.9910956016675243
CF_STATIC_A20_P25_s17,B1_s17,1,FUSION_FROZEN,macro,0.7939380393456816,0.7902682579466963,0.3669781398985328
CF_MOVE_A20_P25_s17,B1_s17,1,PSNR,ped1,0.776980823227751,0.753659392959234,2.3321430268516963
CF_MOVE_A20_P25_s17,B1_s17,1,PSNR,ped2,0.9150711139989892,0.8977023319615912,1.7368782037398
CF_MOVE_A20_P25_s17,B1_s17,1,PSNR,avenue,0.8413559885708932,0.8425303058691274,-0.11743172982341399
CF_MOVE_A20_P25_s17,B1_s17,1,PSNR,macro,0.8444693085992112,0.8312973435966509,1.3171965002560349
CF_MOVE_A20_P25_s17,B1_s17,1,NC,ped1,0.45040809047452474,0.4562011734364683,-0.5793082961943585
CF_MOVE_A20_P25_s17,B1_s17,1,NC,ped2,0.4194372247491156,0.5522895458811639,-13.285232113204826
CF_MOVE_A20_P25_s17,B1_s17,1,NC,avenue,0.5620558925476603,0.6401666939903509,-7.811080144269056
CF_MOVE_A20_P25_s17,B1_s17,1,NC,macro,0.4773004025904335,0.549552471102661,-7.2252068512227545
CF_MOVE_A20_P25_s17,B1_s17,1,NC_GAP,ped1,0.46062186391346305,0.4834202228984586,-2.279835898499555
CF_MOVE_A20_P25_s17,B1_s17,1,NC_GAP,ped2,0.476693018554617,0.5583901884340481,-8.16971698794311
CF_MOVE_A20_P25_s17,B1_s17,1,NC_GAP,avenue,0.5067617687011101,0.5159428076256499,-0.9181038924539808
CF_MOVE_A20_P25_s17,B1_s17,1,NC_GAP,macro,0.48135888372306335,0.5192510729860521,-3.7892189262988762
CF_MOVE_A20_P25_s17,B1_s17,1,LOCAL,ped1,0.7624806542140996,0.7214731087544164,4.1007545459683215
CF_MOVE_A20_P25_s17,B1_s17,1,LOCAL,ped2,0.9097285394556349,0.8886849324958487,2.1043606959786243
CF_MOVE_A20_P25_s17,B1_s17,1,LOCAL,avenue,0.8308976064452668,0.8335148250503537,-0.2617218605086902
CF_MOVE_A20_P25_s17,B1_s17,1,LOCAL,macro,0.8343689333716671,0.8145576221002063,1.981131127146074
CF_MOVE_A20_P25_s17,B1_s17,1,FUSION,ped1,0.7742986874022794,0.7534603224402611,2.0838364962018296
CF_MOVE_A20_P25_s17,B1_s17,1,FUSION,ped2,0.9060690563858205,0.9039103674824922,0.21586889033282652
CF_MOVE_A20_P25_s17,B1_s17,1,FUSION,avenue,0.8359299498805565,0.8493065014754789,-1.337655159492246
CF_MOVE_A20_P25_s17,B1_s17,1,FUSION,macro,0.8387658978895521,0.8355590637994107,0.32068340901414416
CF_MOVE_A20_P25_s17,B1_s17,1,PSNR_FROZEN,ped1,0.7465523137122374,0.7372880510333715,0.9264262678865931
CF_MOVE_A20_P25_s17,B1_s17,1,PSNR_FROZEN,ped2,0.8033824272615696,0.7736029889538661,2.9779438307703465
CF_MOVE_A20_P25_s17,B1_s17,1,PSNR_FROZEN,avenue,0.8441603002482552,0.874541336830765,-3.038103658250979
CF_MOVE_A20_P25_s17,B1_s17,1,PSNR_FROZEN,macro,0.7980316804073541,0.7951441256060008,0.2887554801353276
CF_MOVE_A20_P25_s17,B1_s17,1,FUSION_FROZEN,ped1,0.7431192878149949,0.7358025056876999,0.731678212729503
CF_MOVE_A20_P25_s17,B1_s17,1,FUSION_FROZEN,ped2,0.7679734315211898,0.7471518301927659,2.082160132842392
CF_MOVE_A20_P25_s17,B1_s17,1,FUSION_FROZEN,avenue,0.8673220525551548,0.8878504379596234,-2.052838540446855
CF_MOVE_A20_P25_s17,B1_s17,1,FUSION_FROZEN,macro,0.7928049239637799,0.7902682579466963,0.25366660170835775
CF_SHUFFLE_A20_P25_s17,B1_s17,1,PSNR,ped1,0.7563889654736966,0.753659392959234,0.2729572514462597
CF_SHUFFLE_A20_P25_s17,B1_s17,1,PSNR,ped2,0.9065229947296224,0.8977023319615912,0.8820662768031173
CF_SHUFFLE_A20_P25_s17,B1_s17,1,PSNR,avenue,0.8508927584430184,0.8425303058691274,0.836245257389101
CF_SHUFFLE_A20_P25_s17,B1_s17,1,PSNR,macro,0.8379349062154459,0.8312973435966509,0.6637562618795001
CF_SHUFFLE_A20_P25_s17,B1_s17,1,NC,ped1,0.4926070738081348,0.4562011734364683,3.6405900371666466
CF_SHUFFLE_A20_P25_s17,B1_s17,1,NC,ped2,0.555938199407985,0.5522895458811639,0.36486535268210885
CF_SHUFFLE_A20_P25_s17,B1_s17,1,NC,avenue,0.599236111761675,0.6401666939903509,-4.093058222867585
CF_SHUFFLE_A20_P25_s17,B1_s17,1,NC,macro,0.5492604616592649,0.549552471102661,-0.02920094433961351
CF_SHUFFLE_A20_P25_s17,B1_s17,1,NC_GAP,ped1,0.47233340991359735,0.4834202228984586,-1.108681298486125
CF_SHUFFLE_A20_P25_s17,B1_s17,1,NC_GAP,ped2,0.5297541693740524,0.5583901884340481,-2.8636019059995688
CF_SHUFFLE_A20_P25_s17,B1_s17,1,NC_GAP,avenue,0.5086717293550049,0.5159428076256499,-0.7271078270644993
CF_SHUFFLE_A20_P25_s17,B1_s17,1,NC_GAP,macro,0.5035864362142183,0.5192510729860521,-1.5664636771833829
CF_SHUFFLE_A20_P25_s17,B1_s17,1,LOCAL,ped1,0.7288250185677833,0.7214731087544164,0.7351909813366864
CF_SHUFFLE_A20_P25_s17,B1_s17,1,LOCAL,ped2,0.8938560392751426,0.8886849324958487,0.5171106779293888
CF_SHUFFLE_A20_P25_s17,B1_s17,1,LOCAL,avenue,0.8442071525598389,0.8335148250503537,1.0692327509485233
CF_SHUFFLE_A20_P25_s17,B1_s17,1,LOCAL,macro,0.8222960701342549,0.8145576221002063,0.7738448034048551
CF_SHUFFLE_A20_P25_s17,B1_s17,1,FUSION,ped1,0.7557930216213975,0.7534603224402611,0.23326991811364328
CF_SHUFFLE_A20_P25_s17,B1_s17,1,FUSION,ped2,0.8686033499386326,0.9039103674824922,-3.5307017543859565
CF_SHUFFLE_A20_P25_s17,B1_s17,1,FUSION,avenue,0.8394162021640358,0.8493065014754789,-0.989029931144314
CF_SHUFFLE_A20_P25_s17,B1_s17,1,FUSION,macro,0.821270857908022,0.8355590637994107,-1.4288205891388683
CF_SHUFFLE_A20_P25_s17,B1_s17,1,PSNR_FROZEN,ped1,0.7307143482816427,0.7372880510333715,-0.6573702751728749
CF_SHUFFLE_A20_P25_s17,B1_s17,1,PSNR_FROZEN,ped2,0.7716293047433398,0.7736029889538661,-0.19736842105263497
CF_SHUFFLE_A20_P25_s17,B1_s17,1,PSNR_FROZEN,avenue,0.8700381633800178,0.874541336830765,-0.4503173450747133
CF_SHUFFLE_A20_P25_s17,B1_s17,1,PSNR_FROZEN,macro,0.7907939388016668,0.7951441256060008,-0.43501868043339664
CF_SHUFFLE_A20_P25_s17,B1_s17,1,FUSION_FROZEN,ped1,0.7285617858375802,0.7358025056876999,-0.7240719850119648
CF_SHUFFLE_A20_P25_s17,B1_s17,1,FUSION_FROZEN,ped2,0.7367681033860372,0.7471518301927659,-1.0383726806728721
CF_SHUFFLE_A20_P25_s17,B1_s17,1,FUSION_FROZEN,avenue,0.8586329804674692,0.8878504379596234,-2.921745749215421
CF_SHUFFLE_A20_P25_s17,B1_s17,1,FUSION_FROZEN,macro,0.7746542898970289,0.7902682579466963,-1.5613968049667415
CF_PHOTO_A20_P50_s17,B1_s17,1,PSNR,ped1,0.7488284160161638,0.753659392959234,-0.483097694307022
CF_PHOTO_A20_P50_s17,B1_s17,1,PSNR,ped2,0.9080824489206556,0.8977023319615912,1.0380116959064378
CF_PHOTO_A20_P50_s17,B1_s17,1,PSNR,avenue,0.8429866270082907,0.8425303058691274,0.04563211391633848
CF_PHOTO_A20_P50_s17,B1_s17,1,PSNR,macro,0.8332991639817035,0.8312973435966509,0.20018203850525884
CF_PHOTO_A20_P50_s17,B1_s17,1,NC,ped1,0.4798945318828939,0.4562011734364683,2.3693358446425563
CF_PHOTO_A20_P50_s17,B1_s17,1,NC,ped2,0.4417948162587539,0.5522895458811639,-11.049472962240998
CF_PHOTO_A20_P50_s17,B1_s17,1,NC,avenue,0.6012284767436414,0.6401666939903509,-3.893821724670943
CF_PHOTO_A20_P50_s17,B1_s17,1,NC,macro,0.507639274961763,0.549552471102661,-4.191319614089806
CF_PHOTO_A20_P50_s17,B1_s17,1,NC_GAP,ped1,0.5355539210799076,0.4834202228984586,5.213369818144903
CF_PHOTO_A20_P50_s17,B1_s17,1,NC_GAP,ped2,0.4893329001516136,0.5583901884340481,-6.905728828243446
CF_PHOTO_A20_P50_s17,B1_s17,1,NC_GAP,avenue,0.5512389104876106,0.5159428076256499,3.529610286196072
CF_PHOTO_A20_P50_s17,B1_s17,1,NC_GAP,macro,0.5253752439063772,0.5192510729860521,0.6124170920325134
CF_PHOTO_A20_P50_s17,B1_s17,1,LOCAL,ped1,0.7193486811741693,0.7214731087544164,-0.21244275802471124
CF_PHOTO_A20_P50_s17,B1_s17,1,LOCAL,ped2,0.9011280773951339,0.8886849324958487,1.244314489928522
CF_PHOTO_A20_P50_s17,B1_s17,1,LOCAL,avenue,0.8394293175324371,0.8335148250503537,0.5914492482083422
CF_PHOTO_A20_P50_s17,B1_s17,1,LOCAL,macro,0.8199686920339134,0.8145576221002063,0.5411069933707102
CF_PHOTO_A20_P50_s17,B1_s17,1,FUSION,ped1,0.7476852327051762,0.7534603224402611,-0.5775089735084893
CF_PHOTO_A20_P50_s17,B1_s17,1,FUSION,ped2,0.9036188722835896,0.9039103674824922,-0.029149519890259157
CF_PHOTO_A20_P50_s17,B1_s17,1,FUSION,avenue,0.8403010913860134,0.8493065014754789,-0.9005410089465538
CF_PHOTO_A20_P50_s17,B1_s17,1,FUSION,macro,0.8305350654582598,0.8355590637994107,-0.5023998341150859
CF_PHOTO_A20_P50_s17,B1_s17,1,PSNR_FROZEN,ped1,0.7286102448690065,0.7372880510333715,-0.8677806164364976
CF_PHOTO_A20_P50_s17,B1_s17,1,PSNR_FROZEN,ped2,0.7879828171251173,0.7736029889538661,1.4379828171251163
CF_PHOTO_A20_P50_s17,B1_s17,1,PSNR_FROZEN,avenue,0.862029052883039,0.874541336830765,-1.2512283947725966
CF_PHOTO_A20_P50_s17,B1_s17,1,PSNR_FROZEN,macro,0.7928740382923877,0.7951441256060008,-0.22700873136131117
CF_PHOTO_A20_P50_s17,B1_s17,1,FUSION_FROZEN,ped1,0.7235604866448136,0.7358025056876999,-1.2242019042886243
CF_PHOTO_A20_P50_s17,B1_s17,1,FUSION_FROZEN,ped2,0.7684011984694246,0.7471518301927659,2.1249368276658687
CF_PHOTO_A20_P50_s17,B1_s17,1,FUSION_FROZEN,avenue,0.8779146330038877,0.8878504379596234,-0.993580495573565
CF_PHOTO_A20_P50_s17,B1_s17,1,FUSION_FROZEN,macro,0.7899587727060419,0.7902682579466963,-0.030948524065443905
CF_NOISE_A20_P50_s17,B1_s17,1,PSNR,ped1,0.7427384857047493,0.753659392959234,-1.092090725448469
CF_NOISE_A20_P50_s17,B1_s17,1,PSNR,ped2,0.8916080066421197,0.8977023319615912,-0.6094325319471516
CF_NOISE_A20_P50_s17,B1_s17,1,PSNR,avenue,0.8453300154573985,0.8425303058691274,0.27997095882711376
CF_NOISE_A20_P50_s17,B1_s17,1,PSNR,macro,0.8265588359347559,0.8312973435966509,-0.4738507661894986
CF_NOISE_A20_P50_s17,B1_s17,1,NC,ped1,0.43812194713213726,0.4562011734364683,-1.8079226304331064
CF_NOISE_A20_P50_s17,B1_s17,1,NC,ped2,0.4295159194282001,0.5522895458811639,-12.277362645296375
CF_NOISE_A20_P50_s17,B1_s17,1,NC,avenue,0.5681850437959624,0.6401666939903509,-7.198165019438852
CF_NOISE_A20_P50_s17,B1_s17,1,NC,macro,0.4786076367854332,0.549552471102661,-7.094483431722781
CF_NOISE_A20_P50_s17,B1_s17,1,NC_GAP,ped1,0.5007167438344368,0.4834202228984586,1.7296520935978166
CF_NOISE_A20_P50_s17,B1_s17,1,NC_GAP,ped2,0.5090164970038265,0.5583901884340481,-4.937369143022163
CF_NOISE_A20_P50_s17,B1_s17,1,NC_GAP,avenue,0.5645069441191625,0.5159428076256499,4.856413649351254
CF_NOISE_A20_P50_s17,B1_s17,1,NC_GAP,macro,0.5247467283191419,0.5192510729860521,0.5495655333089822
CF_NOISE_A20_P50_s17,B1_s17,1,LOCAL,ped1,0.7177813075399881,0.7214731087544164,-0.36918012144282475
CF_NOISE_A20_P50_s17,B1_s17,1,LOCAL,ped2,0.8762336654393185,0.8886849324958487,-1.2451267056530213
CF_NOISE_A20_P50_s17,B1_s17,1,LOCAL,avenue,0.8351823738816806,0.8335148250503537,0.1667548831326915
CF_NOISE_A20_P50_s17,B1_s17,1,LOCAL,macro,0.8097324489536625,0.8145576221002063,-0.48251731465438485
CF_NOISE_A20_P50_s17,B1_s17,1,FUSION,ped1,0.7433228566406825,0.7534603224402611,-1.0137465799578527
CF_NOISE_A20_P50_s17,B1_s17,1,FUSION,ped2,0.8884584145549058,0.9039103674824922,-1.5451952927586388
CF_NOISE_A20_P50_s17,B1_s17,1,FUSION,avenue,0.850820296032601,0.8493065014754789,0.15137945571220834
CF_NOISE_A20_P50_s17,B1_s17,1,FUSION,macro,0.8275338557427299,0.8355590637994107,-0.8025208056680833
CF_NOISE_A20_P50_s17,B1_s17,1,PSNR_FROZEN,ped1,0.720006210934762,0.7372880510333715,-1.7281840098609447
CF_NOISE_A20_P50_s17,B1_s17,1,PSNR_FROZEN,ped2,0.7542487907010325,0.7736029889538661,-1.9354198252833688
CF_NOISE_A20_P50_s17,B1_s17,1,PSNR_FROZEN,avenue,0.865157091667057,0.874541336830765,-0.9384245163707949
CF_NOISE_A20_P50_s17,B1_s17,1,PSNR_FROZEN,macro,0.7798040311009505,0.7951441256060008,-1.534009450505025
CF_NOISE_A20_P50_s17,B1_s17,1,FUSION_FROZEN,ped1,0.7189049027699183,0.7358025056876999,-1.689760291778164
CF_NOISE_A20_P50_s17,B1_s17,1,FUSION_FROZEN,ped2,0.7390477221861238,0.7471518301927659,-0.8104108006642075
CF_NOISE_A20_P50_s17,B1_s17,1,FUSION_FROZEN,avenue,0.8738494074663918,0.8878504379596234,-1.4001030493231537
CF_NOISE_A20_P50_s17,B1_s17,1,FUSION_FROZEN,macro,0.7772673441408114,0.7902682579466963,-1.3000913805884862
CF_SELF_A20_P50_s17,B1_s17,1,PSNR,ped1,0.768261837110098,0.753659392959234,1.460244415086398
CF_SELF_A20_P50_s17,B1_s17,1,PSNR,ped2,0.9329470796332395,0.8977023319615912,3.5244747671648313
CF_SELF_A20_P50_s17,B1_s17,1,PSNR,avenue,0.8235062532202914,0.8425303058691274,-1.9024052648835998
CF_SELF_A20_P50_s17,B1_s17,1,PSNR,macro,0.8415717233212097,0.8312973435966509,1.0274379724558802
CF_SELF_A20_P50_s17,B1_s17,1,NC,ped1,0.4476551267651458,0.4562011734364683,-0.8546046671322527
CF_SELF_A20_P50_s17,B1_s17,1,NC,ped2,0.4162434120280124,0.5522895458811639,-13.604613385315146
CF_SELF_A20_P50_s17,B1_s17,1,NC,avenue,0.5887212164504192,0.6401666939903509,-5.144547753993168
CF_SELF_A20_P50_s17,B1_s17,1,NC,macro,0.48420658508119246,0.549552471102661,-6.534588602146857
CF_SELF_A20_P50_s17,B1_s17,1,NC_GAP,ped1,0.40525171583820263,0.4834202228984586,-7.816850706025597
CF_SELF_A20_P50_s17,B1_s17,1,NC_GAP,ped2,0.46466500613674105,0.5583901884340481,-9.372518229730703
CF_SELF_A20_P50_s17,B1_s17,1,NC_GAP,avenue,0.49840744297156775,0.5159428076256499,-1.7535364654082175
CF_SELF_A20_P50_s17,B1_s17,1,NC_GAP,macro,0.4561080549821705,0.5192510729860521,-6.3143018003881615
CF_SELF_A20_P50_s17,B1_s17,1,LOCAL,ped1,0.7557779318470547,0.7214731087544164,3.430482309263827
CF_SELF_A20_P50_s17,B1_s17,1,LOCAL,ped2,0.9300781532019349,0.8886849324958487,4.139322070608619
CF_SELF_A20_P50_s17,B1_s17,1,LOCAL,avenue,0.8142144831139632,0.8335148250503537,-1.930034193639052
CF_SELF_A20_P50_s17,B1_s17,1,LOCAL,macro,0.8333568560543175,0.8145576221002063,1.8799233954111205
CF_SELF_A20_P50_s17,B1_s17,1,FUSION,ped1,0.7673845037259475,0.7534603224402611,1.39241812856864
CF_SELF_A20_P50_s17,B1_s17,1,FUSION,ped2,0.9315879719875821,0.9039103674824922,2.7677604505089937
CF_SELF_A20_P50_s17,B1_s17,1,FUSION,avenue,0.828666893062907,0.8493065014754789,-2.0639608412571953
CF_SELF_A20_P50_s17,B1_s17,1,FUSION,macro,0.8425464562588122,0.8355590637994107,0.6987392459401498
CF_SELF_A20_P50_s17,B1_s17,1,PSNR_FROZEN,ped1,0.7375867385992256,0.7372880510333715,0.0298687565854161
CF_SELF_A20_P50_s17,B1_s17,1,PSNR_FROZEN,ped2,0.8467033066204607,0.7736029889538661,7.310031766659453
CF_SELF_A20_P50_s17,B1_s17,1,PSNR_FROZEN,avenue,0.8649402548128718,0.874541336830765,-0.9601082017893114
CF_SELF_A20_P50_s17,B1_s17,1,PSNR_FROZEN,macro,0.8164101000108528,0.7951441256060008,2.1265974404852006
CF_SELF_A20_P50_s17,B1_s17,1,FUSION_FROZEN,ped1,0.7381345914633752,0.7358025056876999,0.2332085775675341
CF_SELF_A20_P50_s17,B1_s17,1,FUSION_FROZEN,ped2,0.8385369287416071,0.7471518301927659,9.138509854884125
CF_SELF_A20_P50_s17,B1_s17,1,FUSION_FROZEN,avenue,0.8766410838915172,0.8878504379596234,-1.1209354068106192
CF_SELF_A20_P50_s17,B1_s17,1,FUSION_FROZEN,macro,0.8177708680321665,0.7902682579466963,2.750261008547017
CF_STATIC_A20_P50_s17,B1_s17,1,PSNR,ped1,0.7199170217807194,0.753659392959234,-3.374237117851464
CF_STATIC_A20_P50_s17,B1_s17,1,PSNR,ped2,0.6350290592736987,0.8977023319615912,-26.267327268789252
CF_STATIC_A20_P50_s17,B1_s17,1,PSNR,avenue,0.466635392758443,0.8425303058691274,-37.589491311068436
CF_STATIC_A20_P50_s17,B1_s17,1,PSNR,macro,0.6071938246042871,0.8312973435966509,-22.41035189923638
CF_STATIC_A20_P50_s17,B1_s17,1,NC,ped1,0.45990896408658244,0.4562011734364683,0.3707790650114118
CF_STATIC_A20_P50_s17,B1_s17,1,NC,ped2,0.4496002093711645,0.5522895458811639,-10.268933650999934
CF_STATIC_A20_P50_s17,B1_s17,1,NC,avenue,0.5727746498665043,0.6401666939903509,-6.739204412384659
CF_STATIC_A20_P50_s17,B1_s17,1,NC,macro,0.4940946077747504,0.549552471102661,-5.545786332791064
CF_STATIC_A20_P50_s17,B1_s17,1,NC_GAP,ped1,0.5249664610340724,0.4834202228984586,4.154623813561381
CF_STATIC_A20_P50_s17,B1_s17,1,NC_GAP,ped2,0.4872572377445672,0.5583901884340481,-7.113295068948089
CF_STATIC_A20_P50_s17,B1_s17,1,NC_GAP,avenue,0.5756765539369525,0.5159428076256499,5.973374631130257
CF_STATIC_A20_P50_s17,B1_s17,1,NC_GAP,macro,0.5293000842385306,0.5192510729860521,1.004901125247848
CF_STATIC_A20_P50_s17,B1_s17,1,LOCAL,ped1,0.6934413379501773,0.7214731087544164,-2.803177080423913
CF_STATIC_A20_P50_s17,B1_s17,1,LOCAL,ped2,0.6199678723557865,0.8886849324958487,-26.871706014006215
CF_STATIC_A20_P50_s17,B1_s17,1,LOCAL,avenue,0.4287023631083423,0.8335148250503537,-40.481246194201134
CF_STATIC_A20_P50_s17,B1_s17,1,LOCAL,macro,0.5807038578047687,0.8145576221002063,-23.385376429543758
CF_STATIC_A20_P50_s17,B1_s17,1,FUSION,ped1,0.7206571568100724,0.7534603224402611,-3.28031656301887
CF_STATIC_A20_P50_s17,B1_s17,1,FUSION,ped2,0.6292415710057035,0.9039103674824922,-27.466879647678866
CF_STATIC_A20_P50_s17,B1_s17,1,FUSION,avenue,0.4989527612534545,0.8493065014754789,-35.03537402220244
CF_STATIC_A20_P50_s17,B1_s17,1,FUSION,macro,0.6162838296897435,0.8355590637994107,-21.92752341096672
CF_STATIC_A20_P50_s17,B1_s17,1,PSNR_FROZEN,ped1,0.7102292230778183,0.7372880510333715,-2.7058827955553144
CF_STATIC_A20_P50_s17,B1_s17,1,PSNR_FROZEN,ped2,0.5885477582846004,0.7736029889538661,-18.50552306692658
CF_STATIC_A20_P50_s17,B1_s17,1,PSNR_FROZEN,avenue,0.5736610731181788,0.874541336830765,-30.088026371258614
CF_STATIC_A20_P50_s17,B1_s17,1,PSNR_FROZEN,macro,0.6241460181601991,0.7951441256060008,-17.099810744580168
CF_STATIC_A20_P50_s17,B1_s17,1,FUSION_FROZEN,ped1,0.708205475780585,0.7358025056876999,-2.759702990711488
CF_STATIC_A20_P50_s17,B1_s17,1,FUSION_FROZEN,ped2,0.5723503718143095,0.7471518301927659,-17.48014583784564
CF_STATIC_A20_P50_s17,B1_s17,1,FUSION_FROZEN,avenue,0.6039699283338799,0.8878504379596234,-28.38805096257435
CF_STATIC_A20_P50_s17,B1_s17,1,FUSION_FROZEN,macro,0.6281752586429247,0.7902682579466963,-16.209299930377163
CF_MOVE_A20_P50_s17,B1_s17,1,PSNR,ped1,0.7406358135715222,0.753659392959234,-1.3023579387711814
CF_MOVE_A20_P50_s17,B1_s17,1,PSNR,ped2,0.8532651072124756,0.8977023319615912,-4.44372247491156
CF_MOVE_A20_P50_s17,B1_s17,1,PSNR,avenue,0.8235487844863928,0.8425303058691274,-1.8981521382734567
CF_MOVE_A20_P50_s17,B1_s17,1,PSNR,macro,0.8058165684234635,0.8312973435966509,-2.5480775173187364
CF_MOVE_A20_P50_s17,B1_s17,1,NC,ped1,0.46862619177524695,0.4562011734364683,1.2425018338778626
CF_MOVE_A20_P50_s17,B1_s17,1,NC,ped2,0.5102736264529637,0.5522895458811639,-4.2015919428200155
CF_MOVE_A20_P50_s17,B1_s17,1,NC,avenue,0.5772066841538246,0.6401666939903509,-6.296000983652627
CF_MOVE_A20_P50_s17,B1_s17,1,NC,macro,0.5187021674606784,0.549552471102661,-3.08503036419826
CF_MOVE_A20_P50_s17,B1_s17,1,NC_GAP,ped1,0.4665646995953078,0.4834202228984586,-1.6855523303150821
CF_MOVE_A20_P50_s17,B1_s17,1,NC_GAP,ped2,0.510292578153202,0.5583901884340481,-4.809761028084614
CF_MOVE_A20_P50_s17,B1_s17,1,NC_GAP,avenue,0.5148675699095976,0.5159428076256499,-0.10752377160523352
CF_MOVE_A20_P50_s17,B1_s17,1,NC_GAP,macro,0.49724161588603577,0.5192510729860521,-2.200945710001634
CF_MOVE_A20_P50_s17,B1_s17,1,LOCAL,ped1,0.7284952108982031,0.7214731087544164,0.7022102143786735
CF_MOVE_A20_P50_s17,B1_s17,1,LOCAL,ped2,0.8423913435853007,0.8886849324958487,-4.629358891054802
CF_MOVE_A20_P50_s17,B1_s17,1,LOCAL,avenue,0.8199909129233219,0.8335148250503537,-1.3523912127031745
CF_MOVE_A20_P50_s17,B1_s17,1,LOCAL,macro,0.7969591558022753,0.8145576221002063,-1.7598466297931048
CF_MOVE_A20_P50_s17,B1_s17,1,FUSION,ped1,0.7402018087609512,0.7534603224402611,-1.3258513679309858
CF_MOVE_A20_P50_s17,B1_s17,1,FUSION,ped2,0.869280196375713,0.9039103674824922,-3.463017110677924
CF_MOVE_A20_P50_s17,B1_s17,1,FUSION,avenue,0.8267631504988524,0.8493065014754789,-2.254335097662652
CF_MOVE_A20_P50_s17,B1_s17,1,FUSION,macro,0.8120817185451722,0.8355590637994107,-2.34773452542385
CF_MOVE_A20_P50_s17,B1_s17,1,PSNR_FROZEN,ped1,0.7292684698224551,0.7372880510333715,-0.8019581210916393
CF_MOVE_A20_P50_s17,B1_s17,1,PSNR_FROZEN,ped2,0.8734847664428561,0.7736029889538661,9.988177748898996
CF_MOVE_A20_P50_s17,B1_s17,1,PSNR_FROZEN,avenue,0.8448690336783924,0.874541336830765,-2.967230315237257
CF_MOVE_A20_P50_s17,B1_s17,1,PSNR_FROZEN,macro,0.8158740899812346,0.7951441256060008,2.072996437523378
CF_MOVE_A20_P50_s17,B1_s17,1,FUSION_FROZEN,ped1,0.7313120505629304,0.7358025056876999,-0.44904551247695323
CF_MOVE_A20_P50_s17,B1_s17,1,FUSION_FROZEN,ped2,0.8624648039852718,0.7471518301927659,11.531297379250594
CF_MOVE_A20_P50_s17,B1_s17,1,FUSION_FROZEN,avenue,0.8517479273033866,0.8878504379596234,-3.610251065623682
CF_MOVE_A20_P50_s17,B1_s17,1,FUSION_FROZEN,macro,0.8151749272838629,0.7902682579466963,2.4906669337166565
CF_SHUFFLE_A20_P50_s17,B1_s17,1,PSNR,ped1,0.7582403867300607,0.753659392959234,0.4580993770826658
CF_SHUFFLE_A20_P50_s17,B1_s17,1,PSNR,ped2,0.9036793372319688,0.8977023319615912,0.5977005270377589
CF_SHUFFLE_A20_P50_s17,B1_s17,1,PSNR,avenue,0.8451932057707621,0.8425303058691274,0.26628999016347077
CF_SHUFFLE_A20_P50_s17,B1_s17,1,PSNR,macro,0.8357043099109305,0.8312973435966509,0.44069663142796145
CF_SHUFFLE_A20_P50_s17,B1_s17,1,NC,ped1,0.4798829180728305,0.4562011734364683,2.368174463636219
CF_SHUFFLE_A20_P50_s17,B1_s17,1,NC,ped2,0.5478756046494838,0.5522895458811639,-0.4413941231680041
CF_SHUFFLE_A20_P50_s17,B1_s17,1,NC,avenue,0.5409706309429013,0.6401666939903509,-9.919606304744955
CF_SHUFFLE_A20_P50_s17,B1_s17,1,NC,macro,0.5229097178884051,0.549552471102661,-2.664275321425591
CF_SHUFFLE_A20_P50_s17,B1_s17,1,NC_GAP,ped1,0.47721439984859515,0.4834202228984586,-0.6205823049863446
CF_SHUFFLE_A20_P50_s17,B1_s17,1,NC_GAP,ped2,0.5061926936683272,0.5583901884340481,-5.219749476572089
CF_SHUFFLE_A20_P50_s17,B1_s17,1,NC_GAP,avenue,0.4803256007307134,0.5159428076256499,-3.5617206894936526
CF_SHUFFLE_A20_P50_s17,B1_s17,1,NC_GAP,macro,0.48791089808254523,0.5192510729860521,-3.134017490350688
CF_SHUFFLE_A20_P50_s17,B1_s17,1,LOCAL,ped1,0.7382821359236165,0.7214731087544164,1.6809027169200075
CF_SHUFFLE_A20_P50_s17,B1_s17,1,LOCAL,ped2,0.8923796115803913,0.8886849324958487,0.36946790845425737
CF_SHUFFLE_A20_P50_s17,B1_s17,1,LOCAL,avenue,0.8465111246428404,0.8335148250503537,1.2996299592486715
CF_SHUFFLE_A20_P50_s17,B1_s17,1,LOCAL,macro,0.825724290715616,0.8145576221002063,1.1166668615409714
CF_SHUFFLE_A20_P50_s17,B1_s17,1,FUSION,ped1,0.7665384131266152,0.7534603224402611,1.3078090686354127
CF_SHUFFLE_A20_P50_s17,B1_s17,1,FUSION,ped2,0.872986607465165,0.9039103674824922,-3.0923760017327218
CF_SHUFFLE_A20_P50_s17,B1_s17,1,FUSION,avenue,0.849778397114619,0.8493065014754789,0.047189563914007415
CF_SHUFFLE_A20_P50_s17,B1_s17,1,FUSION,macro,0.8297678059021331,0.8355590637994107,-0.5791257897277635
CF_SHUFFLE_A20_P50_s17,B1_s17,1,PSNR_FROZEN,ped1,0.727730907693683,0.7372880510333715,-0.955714333968849
CF_SHUFFLE_A20_P50_s17,B1_s17,1,PSNR_FROZEN,ped2,0.7807216085481192,0.7736029889538661,0.7118619594253084
CF_SHUFFLE_A20_P50_s17,B1_s17,1,PSNR_FROZEN,avenue,0.8665403883085859,0.874541336830765,-0.800094852217903
CF_SHUFFLE_A20_P50_s17,B1_s17,1,PSNR_FROZEN,macro,0.791664301516796,0.7951441256060008,-0.3479824089204775
CF_SHUFFLE_A20_P50_s17,B1_s17,1,FUSION_FROZEN,ped1,0.7289092186907424,0.7358025056876999,-0.689328699695746
CF_SHUFFLE_A20_P50_s17,B1_s17,1,FUSION_FROZEN,ped2,0.7512273482059058,0.7471518301927659,0.4075518013139878
CF_SHUFFLE_A20_P50_s17,B1_s17,1,FUSION_FROZEN,avenue,0.8363721719986885,0.8878504379596234,-5.147826596093486
CF_SHUFFLE_A20_P50_s17,B1_s17,1,FUSION_FROZEN,macro,0.7721695796317789,0.7902682579466963,-1.8098678314917405
