study,candidate,seed,checkpoint_step,target,frames,AUROC,paper_AUROC,delta_pp
ZXVAD_INDEPENDENT_REPRO_V2_5090_20261007,c01,17,5000,ped1,7056,0.7644309155370942,0.7614,0.30309155370942253
ZXVAD_INDEPENDENT_REPRO_V2_5090_20261007,c01,17,5000,ped2,1962,0.8775557721464154,0.9578,-8.024422785358453
ZXVAD_INDEPENDENT_REPRO_V2_5090_20261007,c01,17,5000,avenue,15240,0.8396664480771933,0.8228,1.6866448077193286
ZXVAD_INDEPENDENT_REPRO_V2_5090_20261007,c02,17,5000,ped1,7056,0.7561753367984472,0.7614,-0.5224663201552793
ZXVAD_INDEPENDENT_REPRO_V2_5090_20261007,c02,17,5000,ped2,1962,0.9143283878420331,0.9578,-4.347161215796691
ZXVAD_INDEPENDENT_REPRO_V2_5090_20261007,c02,17,5000,avenue,15240,0.8404990163473699,0.8228,1.7699016347369922
ZXVAD_INDEPENDENT_REPRO_V2_5090_20261007,c03,17,5000,ped1,7056,0.7708776842520743,0.7614,0.9477684252074292
ZXVAD_INDEPENDENT_REPRO_V2_5090_20261007,c03,17,5000,ped2,1962,0.8986129160349433,0.9578,-5.918708396505668
ZXVAD_INDEPENDENT_REPRO_V2_5090_20261007,c03,17,5000,avenue,15240,0.8388665628366668,0.8228,1.6066562836666853
ZXVAD_INDEPENDENT_REPRO_V2_5090_20261007,c04,17,5000,ped1,7056,0.7713225667861553,0.7614,0.9922566786155329
ZXVAD_INDEPENDENT_REPRO_V2_5090_20261007,c04,17,5000,ped2,1962,0.9155313695762038,0.9578,-4.226863042379614
ZXVAD_INDEPENDENT_REPRO_V2_5090_20261007,c04,17,5000,avenue,15240,0.845318855684107,0.8228,2.2518855684107053
