study,arm,recipe,seed,physical_gpu,checkpoint_step,target,frames,readout,AUROC,primary,source_chosen,scores_sha256,freeze_sha256,calibration_sha256
ZXVAD_C04_MECHANISM_AUDIT_3090_20261009,B0_s17,B0,17,0,5000,ped1,7056,PSNR,0.753659392959234,True,False,ff9971e734b0298ddb5441e9e4d52c83b4359ace6cc363ddf1e8291ff118f907,e453ab8548adb67c66a7320657591be4078c8fa444a0e553f796c339ee616085,73787c8dac7230636265de0cbea9d693ef572019b55c4806767f8ef1f7a6a582
ZXVAD_C04_MECHANISM_AUDIT_3090_20261009,B0_s17,B0,17,0,5000,ped2,1962,PSNR,0.8977023319615912,True,False,2c8dcc040a3055b9dd99d57444bf7d9d133b4441b28f3a423903fa897962e172,e453ab8548adb67c66a7320657591be4078c8fa444a0e553f796c339ee616085,73787c8dac7230636265de0cbea9d693ef572019b55c4806767f8ef1f7a6a582
ZXVAD_C04_MECHANISM_AUDIT_3090_20261009,B0_s17,B0,17,0,5000,avenue,15240,PSNR,0.8425303058691274,True,False,d2164fbb3fb6987d83853546c7b18525a07518cb8522a9717ab8debcadc7ad9a,e453ab8548adb67c66a7320657591be4078c8fa444a0e553f796c339ee616085,73787c8dac7230636265de0cbea9d693ef572019b55c4806767f8ef1f7a6a582
ZXVAD_C04_MECHANISM_AUDIT_3090_20261009,NC_Y_s17,NC_Y,17,0,5000,ped1,7056,PSNR,0.7420549475526063,True,False,285410d28eb8c7f02ed1c8b66f6baf442638afcba5f560573af01da745c80a78,e453ab8548adb67c66a7320657591be4078c8fa444a0e553f796c339ee616085,15c9c4c6cf0cd31cec138ce0e578f97dcc24eb4c5df540d89fd7883e735f9bfc
ZXVAD_C04_MECHANISM_AUDIT_3090_20261009,NC_Y_s17,NC_Y,17,0,5000,ped2,1962,PSNR,0.8906062739152408,True,False,d0814ad471422617b483d33b9563b22e17a813067494076bca096d87cc41df4a,e453ab8548adb67c66a7320657591be4078c8fa444a0e553f796c339ee616085,15c9c4c6cf0cd31cec138ce0e578f97dcc24eb4c5df540d89fd7883e735f9bfc
ZXVAD_C04_MECHANISM_AUDIT_3090_20261009,NC_Y_s17,NC_Y,17,0,5000,avenue,15240,PSNR,0.8472837369431824,True,False,6c9a2e9e6e875571edbca58383030f192a6e42b74e648f7c9cab653b27713062,e453ab8548adb67c66a7320657591be4078c8fa444a0e553f796c339ee616085,15c9c4c6cf0cd31cec138ce0e578f97dcc24eb4c5df540d89fd7883e735f9bfc
ZXVAD_C04_MECHANISM_AUDIT_3090_20261009,NC_X_s17,NC_X,17,0,5000,ped1,7056,PSNR,0.7420549475526063,True,False,2449b96292a8e2fa3f677919f6f73b66425c083227dda4e0c4ae1f082707328d,e453ab8548adb67c66a7320657591be4078c8fa444a0e553f796c339ee616085,09274bdedd4aa02ba2962cbdba070df8c4e1248b5a148565547bc188317c9b29
ZXVAD_C04_MECHANISM_AUDIT_3090_20261009,NC_X_s17,NC_X,17,0,5000,ped2,1962,PSNR,0.8906062739152408,True,False,619a975f4cedd11287e6d01630f5c0245746a34ef3c6ee17f5fa2f9d4b3f56fc,e453ab8548adb67c66a7320657591be4078c8fa444a0e553f796c339ee616085,09274bdedd4aa02ba2962cbdba070df8c4e1248b5a148565547bc188317c9b29
ZXVAD_C04_MECHANISM_AUDIT_3090_20261009,NC_X_s17,NC_X,17,0,5000,avenue,15240,PSNR,0.8472837369431824,True,False,5e1a6e56a8c8559e4357a49c25cb79e22574c27228320851ce6aa190c6bb3483,e453ab8548adb67c66a7320657591be4078c8fa444a0e553f796c339ee616085,09274bdedd4aa02ba2962cbdba070df8c4e1248b5a148565547bc188317c9b29
ZXVAD_C04_MECHANISM_AUDIT_3090_20261009,NC_ORIGIN_s17,NC_ORIGIN,17,0,5000,ped1,7056,PSNR,0.7420549475526063,True,False,ad198de51241fec5baa0ea6f4ff1e4fbd333845eb85d4c2e313974bb901a530e,e453ab8548adb67c66a7320657591be4078c8fa444a0e553f796c339ee616085,eaf551f905524f3b0e9a18ce36ee3432434606c48064d65bccdd568c05fa7bda
ZXVAD_C04_MECHANISM_AUDIT_3090_20261009,NC_ORIGIN_s17,NC_ORIGIN,17,0,5000,ped2,1962,PSNR,0.8906062739152408,True,False,240897d91d3ce370dca637c48f2787d57e91ecb87adb9cec7ee9432f1eb2fb2c,e453ab8548adb67c66a7320657591be4078c8fa444a0e553f796c339ee616085,eaf551f905524f3b0e9a18ce36ee3432434606c48064d65bccdd568c05fa7bda
ZXVAD_C04_MECHANISM_AUDIT_3090_20261009,NC_ORIGIN_s17,NC_ORIGIN,17,0,5000,avenue,15240,PSNR,0.8472837369431824,True,False,fd68b44707decb412ae01867fcd624f39e9d90c070f7984ccac084078b986cc7,e453ab8548adb67c66a7320657591be4078c8fa444a0e553f796c339ee616085,eaf551f905524f3b0e9a18ce36ee3432434606c48064d65bccdd568c05fa7bda
ZXVAD_C04_MECHANISM_AUDIT_3090_20261009,CF_PHOTO_A10_P25_s17,CF_PHOTO_A10_P25,17,0,5000,ped1,7056,PSNR,0.7493194266409189,True,False,88b8fa9526dc034cf97d2046f5d2c41e5ceb6e0adf3f57de1b322b7ac30fccb2,e453ab8548adb67c66a7320657591be4078c8fa444a0e553f796c339ee616085,1a1111de89d1bb4efbb107431a4b3e693602d35c502feef2800b616ed70ce167
ZXVAD_C04_MECHANISM_AUDIT_3090_20261009,CF_PHOTO_A10_P25_s17,CF_PHOTO_A10_P25,17,0,5000,ped2,1962,PSNR,0.8870749404375136,True,False,6cae3595bb983cd521f77d8d92e19ef5552649c56990de647fa7807b8ff0994b,e453ab8548adb67c66a7320657591be4078c8fa444a0e553f796c339ee616085,1a1111de89d1bb4efbb107431a4b3e693602d35c502feef2800b616ed70ce167
ZXVAD_C04_MECHANISM_AUDIT_3090_20261009,CF_PHOTO_A10_P25_s17,CF_PHOTO_A10_P25,17,0,5000,avenue,15240,PSNR,0.8420262775774041,True,False,5db68acc513df40c4387e90fd48910457b88c0029ffb257b767a4e3cb18313cf,e453ab8548adb67c66a7320657591be4078c8fa444a0e553f796c339ee616085,1a1111de89d1bb4efbb107431a4b3e693602d35c502feef2800b616ed70ce167
ZXVAD_C04_MECHANISM_AUDIT_3090_20261009,CF_NOISE_A10_P25_s17,CF_NOISE_A10_P25,17,0,5000,ped1,7056,PSNR,0.7446141160299777,True,False,588d56c594b34e0789bb1fb1cc5f637118d69a78d57ec6d085c5c894cf8ba0e8,e453ab8548adb67c66a7320657591be4078c8fa444a0e553f796c339ee616085,2637db10de701babc517c9239f83e9eee2e70178c80d4202b021cbd62f8f3749
ZXVAD_C04_MECHANISM_AUDIT_3090_20261009,CF_NOISE_A10_P25_s17,CF_NOISE_A10_P25,17,0,5000,ped2,1962,PSNR,0.8884340480831708,True,False,c7febeaa5ae5351a5a4b1bd14093c36435a7a69498090cf9dbbce6b7bda221fa,e453ab8548adb67c66a7320657591be4078c8fa444a0e553f796c339ee616085,2637db10de701babc517c9239f83e9eee2e70178c80d4202b021cbd62f8f3749
ZXVAD_C04_MECHANISM_AUDIT_3090_20261009,CF_NOISE_A10_P25_s17,CF_NOISE_A10_P25,17,0,5000,avenue,15240,PSNR,0.8459750808000375,True,False,34884c62030638a7e8bb2e9f44a892cb0c76223b6b41f256b325212bbd464c73,e453ab8548adb67c66a7320657591be4078c8fa444a0e553f796c339ee616085,2637db10de701babc517c9239f83e9eee2e70178c80d4202b021cbd62f8f3749
ZXVAD_C04_MECHANISM_AUDIT_3090_20261009,CF_SELF_A10_P25_s17,CF_SELF_A10_P25,17,0,5000,ped1,7056,PSNR,0.7676624990809141,True,False,19b8dc99fa150c27e18c2047e441ee3f4669e0e69a7ece7a13dff98ef0327775,e453ab8548adb67c66a7320657591be4078c8fa444a0e553f796c339ee616085,973a540e40967b731d133fe4d28dc38aee5cbee25eb704109458774b87ec316d
ZXVAD_C04_MECHANISM_AUDIT_3090_20261009,CF_SELF_A10_P25_s17,CF_SELF_A10_P25,17,0,5000,ped2,1962,PSNR,0.9226463793227926,True,False,de32eef0ccbfccfb253dbb38eb486109e1ee9a5e42ed4f44a68a49b6df43356f,e453ab8548adb67c66a7320657591be4078c8fa444a0e553f796c339ee616085,973a540e40967b731d133fe4d28dc38aee5cbee25eb704109458774b87ec316d
ZXVAD_C04_MECHANISM_AUDIT_3090_20261009,CF_SELF_A10_P25_s17,CF_SELF_A10_P25,17,0,5000,avenue,15240,PSNR,0.8394408286102394,True,False,abbb9664c0189b75e101b4289de3dba987e3ab4ed71bdbad6d3594e19dc3cb2a,e453ab8548adb67c66a7320657591be4078c8fa444a0e553f796c339ee616085,973a540e40967b731d133fe4d28dc38aee5cbee25eb704109458774b87ec316d
ZXVAD_C04_MECHANISM_AUDIT_3090_20261009,CF_STATIC_A10_P25_s17,CF_STATIC_A10_P25,17,0,5000,ped1,7056,PSNR,0.7297124935888906,True,False,635a7fdde95d0f4ca7283c3f1b4267e315ca97d489ddf6be0315644b6a88412e,e453ab8548adb67c66a7320657591be4078c8fa444a0e553f796c339ee616085,88f9a3f4cdbc5b9bb93d399d828bd452b16ff7c600e87024fa11d7d0ef0cc1da
ZXVAD_C04_MECHANISM_AUDIT_3090_20261009,CF_STATIC_A10_P25_s17,CF_STATIC_A10_P25,17,0,5000,ped2,1962,PSNR,0.8587800519818064,True,False,d8b6faad71e483b3c54a7563379d12f24b021f38f63f268c79714ca1e214d53d,e453ab8548adb67c66a7320657591be4078c8fa444a0e553f796c339ee616085,88f9a3f4cdbc5b9bb93d399d828bd452b16ff7c600e87024fa11d7d0ef0cc1da
ZXVAD_C04_MECHANISM_AUDIT_3090_20261009,CF_STATIC_A10_P25_s17,CF_STATIC_A10_P25,17,0,5000,avenue,15240,PSNR,0.7315271792589817,True,False,37865ad2f6211ab474e836e28ddd893ca9e749403033573a1d618ab851e9d1bc,e453ab8548adb67c66a7320657591be4078c8fa444a0e553f796c339ee616085,88f9a3f4cdbc5b9bb93d399d828bd452b16ff7c600e87024fa11d7d0ef0cc1da
ZXVAD_C04_MECHANISM_AUDIT_3090_20261009,CF_MOVE_A10_P25_s17,CF_MOVE_A10_P25,17,0,5000,ped1,7056,PSNR,0.7643301534666855,True,False,9d5f0abd9b4dcbbb22cff5eda7a3215a6b78a18d28f77445955550bb7bfb219b,e453ab8548adb67c66a7320657591be4078c8fa444a0e553f796c339ee616085,e7b46709b4ea254ffecf3b0e2672504cc62b836773c7553898d68a0579fd6ccf
ZXVAD_C04_MECHANISM_AUDIT_3090_20261009,CF_MOVE_A10_P25_s17,CF_MOVE_A10_P25,17,0,5000,ped2,1962,PSNR,0.9043841599884485,True,False,e923c8a06a7db13ca6188eeff80e3bfc67da5f3ed4d5c9f9b9bdf2b824e6c5ca,e453ab8548adb67c66a7320657591be4078c8fa444a0e553f796c339ee616085,e7b46709b4ea254ffecf3b0e2672504cc62b836773c7553898d68a0579fd6ccf
ZXVAD_C04_MECHANISM_AUDIT_3090_20261009,CF_MOVE_A10_P25_s17,CF_MOVE_A10_P25,17,0,5000,avenue,15240,PSNR,0.8362852475525786,True,False,0e6d8f57fb631b12102f91c2fa423c4922f179082a6247b64cdd81829b844b76,e453ab8548adb67c66a7320657591be4078c8fa444a0e553f796c339ee616085,e7b46709b4ea254ffecf3b0e2672504cc62b836773c7553898d68a0579fd6ccf
ZXVAD_C04_MECHANISM_AUDIT_3090_20261009,CF_SHUFFLE_A10_P25_s17,CF_SHUFFLE_A10_P25,17,0,5000,ped1,7056,PSNR,0.7440858921405831,True,False,57fd4773c87b9d0496779e7ee68489f0e373cb9a2251c39f5b4e7d521d687cc1,e453ab8548adb67c66a7320657591be4078c8fa444a0e553f796c339ee616085,c9ed6a96d005b793f24df50b5d24608ed4f0d33c16455235e2088ac3107f51c9
ZXVAD_C04_MECHANISM_AUDIT_3090_20261009,CF_SHUFFLE_A10_P25_s17,CF_SHUFFLE_A10_P25,17,0,5000,ped2,1962,PSNR,0.9114757057252184,True,False,42503f5a533aae91cada1a38b5f3796edffbaba1c6103425b050c84c6ccd589b,e453ab8548adb67c66a7320657591be4078c8fa444a0e553f796c339ee616085,c9ed6a96d005b793f24df50b5d24608ed4f0d33c16455235e2088ac3107f51c9
ZXVAD_C04_MECHANISM_AUDIT_3090_20261009,CF_SHUFFLE_A10_P25_s17,CF_SHUFFLE_A10_P25,17,0,5000,avenue,15240,PSNR,0.8419112604805846,True,False,ef09533fa8a7ce538ccd724b909031f0471890f0b33f03f1f139a88ec52677ef,e453ab8548adb67c66a7320657591be4078c8fa444a0e553f796c339ee616085,c9ed6a96d005b793f24df50b5d24608ed4f0d33c16455235e2088ac3107f51c9
ZXVAD_C04_MECHANISM_AUDIT_3090_20261009,CF_PHOTO_A10_P50_s17,CF_PHOTO_A10_P50,17,0,5000,ped1,7056,PSNR,0.7496215083836578,True,False,00d53d163b8d02cb2ecefb68b16970f1afe156e9efc16031b1ab2022535e6197,e453ab8548adb67c66a7320657591be4078c8fa444a0e553f796c339ee616085,9df8b656e080f278880567ed2656dcc53e01d4505035f20be39c48bd72510c5b
ZXVAD_C04_MECHANISM_AUDIT_3090_20261009,CF_PHOTO_A10_P50_s17,CF_PHOTO_A10_P50,17,0,5000,ped2,1962,PSNR,0.886977474550574,True,False,38d9a7a51e5ed88ed6c7b70226f1bf0a5a38d0a83f9433bb0480e1d83f97202f,e453ab8548adb67c66a7320657591be4078c8fa444a0e553f796c339ee616085,9df8b656e080f278880567ed2656dcc53e01d4505035f20be39c48bd72510c5b
ZXVAD_C04_MECHANISM_AUDIT_3090_20261009,CF_PHOTO_A10_P50_s17,CF_PHOTO_A10_P50,17,0,5000,avenue,15240,PSNR,0.8481899386388121,True,False,8ec7491d772a28de1d5ca12eb49f7534100fb09af7883dd732ca2d403144b20a,e453ab8548adb67c66a7320657591be4078c8fa444a0e553f796c339ee616085,9df8b656e080f278880567ed2656dcc53e01d4505035f20be39c48bd72510c5b
ZXVAD_C04_MECHANISM_AUDIT_3090_20261009,CF_NOISE_A10_P50_s17,CF_NOISE_A10_P50,17,0,5000,ped1,7056,PSNR,0.7471173419292976,True,False,4712b5454cc243caeadea4bfa841d61264633ee28311bb7824fc816aac38e144,e453ab8548adb67c66a7320657591be4078c8fa444a0e553f796c339ee616085,4438f826451c60694b32bceeb1a503102b7a06a6ff4f7fd64ac4ec971605dee2
ZXVAD_C04_MECHANISM_AUDIT_3090_20261009,CF_NOISE_A10_P50_s17,CF_NOISE_A10_P50,17,0,5000,ped2,1962,PSNR,0.8986228431160205,True,False,bebd44640c489783e67ddd7f882ecc182d3829f4d87fc888ac0e3b24e7098998,e453ab8548adb67c66a7320657591be4078c8fa444a0e553f796c339ee616085,4438f826451c60694b32bceeb1a503102b7a06a6ff4f7fd64ac4ec971605dee2
ZXVAD_C04_MECHANISM_AUDIT_3090_20261009,CF_NOISE_A10_P50_s17,CF_NOISE_A10_P50,17,0,5000,avenue,15240,PSNR,0.8495279521289053,True,False,0b848c0b938aec5eac35d275d23af02e17e583de3bf5b3f14546d4fb470f6433,e453ab8548adb67c66a7320657591be4078c8fa444a0e553f796c339ee616085,4438f826451c60694b32bceeb1a503102b7a06a6ff4f7fd64ac4ec971605dee2
ZXVAD_C04_MECHANISM_AUDIT_3090_20261009,CF_SELF_A10_P50_s17,CF_SELF_A10_P50,17,0,5000,ped1,7056,PSNR,0.7811370541636204,True,False,b2ca623480d23ba90f005b5698484c166b30187eaa9fc3dd2d78e5269279c0cf,e453ab8548adb67c66a7320657591be4078c8fa444a0e553f796c339ee616085,cce19c777bde3a973e5ea47cad406704030292a84a340db7e3fb2b50a86a8410
ZXVAD_C04_MECHANISM_AUDIT_3090_20261009,CF_SELF_A10_P50_s17,CF_SELF_A10_P50,17,0,5000,ped2,1962,PSNR,0.9255911125550502,True,False,a5687fade7232ba70f3406516017f1b42f457858811d6f0b67574bc70498f41e,e453ab8548adb67c66a7320657591be4078c8fa444a0e553f796c339ee616085,cce19c777bde3a973e5ea47cad406704030292a84a340db7e3fb2b50a86a8410
ZXVAD_C04_MECHANISM_AUDIT_3090_20261009,CF_SELF_A10_P50_s17,CF_SELF_A10_P50,17,0,5000,avenue,15240,PSNR,0.8295716426998923,True,False,9bce86f7d43c172707f132f3785a31fc3233afd1a72bf744b3f007ff1c47c575,e453ab8548adb67c66a7320657591be4078c8fa444a0e553f796c339ee616085,cce19c777bde3a973e5ea47cad406704030292a84a340db7e3fb2b50a86a8410
ZXVAD_C04_MECHANISM_AUDIT_3090_20261009,CF_STATIC_A10_P50_s17,CF_STATIC_A10_P50,17,0,5000,ped1,7056,PSNR,0.6872965282968437,True,False,2662de3e3d62e20a77897dc29614620f38cb594b49231e720bc8320378ed058f,e453ab8548adb67c66a7320657591be4078c8fa444a0e553f796c339ee616085,7d6f3755bfafddfe62e358416ad3bf2b801f27d9df8b068c9efd11ab47cc078a
ZXVAD_C04_MECHANISM_AUDIT_3090_20261009,CF_STATIC_A10_P50_s17,CF_STATIC_A10_P50,17,0,5000,ped2,1962,PSNR,0.6297992924698578,True,False,f63b33cb07ea59b759052896a1cbc2f94927eae6a53873d218b3ea81ef3fc991,e453ab8548adb67c66a7320657591be4078c8fa444a0e553f796c339ee616085,7d6f3755bfafddfe62e358416ad3bf2b801f27d9df8b068c9efd11ab47cc078a
ZXVAD_C04_MECHANISM_AUDIT_3090_20261009,CF_STATIC_A10_P50_s17,CF_STATIC_A10_P50,17,0,5000,avenue,15240,PSNR,0.4111181202866645,True,False,467382b21a3a55016c487ec42421b6cd3b33ea65d8f5cb92750d92595723865e,e453ab8548adb67c66a7320657591be4078c8fa444a0e553f796c339ee616085,7d6f3755bfafddfe62e358416ad3bf2b801f27d9df8b068c9efd11ab47cc078a
ZXVAD_C04_MECHANISM_AUDIT_3090_20261009,CF_MOVE_A10_P50_s17,CF_MOVE_A10_P50,17,0,5000,ped1,7056,PSNR,0.7603492747052935,True,False,fe742cecabf0b5d006d059aff37f44fd69192dd2c72ffe5ec5c442b4bb01873a,e453ab8548adb67c66a7320657591be4078c8fa444a0e553f796c339ee616085,4501678db7b65e2477d084cf8f862414af0eb9ae14b8dbd6432bfbc531de5b26
ZXVAD_C04_MECHANISM_AUDIT_3090_20261009,CF_MOVE_A10_P50_s17,CF_MOVE_A10_P50,17,0,5000,ped2,1962,PSNR,0.8975110100353765,True,False,1479b97a61a3bc5d406d345ebcd13f882f9fc57aa08fc02ba8a8a4ed9e1d4fc8,e453ab8548adb67c66a7320657591be4078c8fa444a0e553f796c339ee616085,4501678db7b65e2477d084cf8f862414af0eb9ae14b8dbd6432bfbc531de5b26
ZXVAD_C04_MECHANISM_AUDIT_3090_20261009,CF_MOVE_A10_P50_s17,CF_MOVE_A10_P50,17,0,5000,avenue,15240,PSNR,0.8368314792261933,True,False,7c0821bbb209f297885d1b7c84f62ba06049df1d1dacdc8183e1320518205c5b,e453ab8548adb67c66a7320657591be4078c8fa444a0e553f796c339ee616085,4501678db7b65e2477d084cf8f862414af0eb9ae14b8dbd6432bfbc531de5b26
ZXVAD_C04_MECHANISM_AUDIT_3090_20261009,CF_SHUFFLE_A10_P50_s17,CF_SHUFFLE_A10_P50,17,0,5000,ped1,7056,PSNR,0.7486718340487958,True,False,c8399b8ca81a5166a1c25e3f193055d6e13cb97ff164a3353981b2c672d117df,e453ab8548adb67c66a7320657591be4078c8fa444a0e553f796c339ee616085,9a957e76bfe857e146a5c61dcdb99562e04360b492dd8c53420b29093cfefc43
ZXVAD_C04_MECHANISM_AUDIT_3090_20261009,CF_SHUFFLE_A10_P50_s17,CF_SHUFFLE_A10_P50,17,0,5000,ped2,1962,PSNR,0.8935473972998339,True,False,ba33a9da9792483eed1a69b6d9d2fdeff87dc7fadc62be16653e8f2c7fcd367c,e453ab8548adb67c66a7320657591be4078c8fa444a0e553f796c339ee616085,9a957e76bfe857e146a5c61dcdb99562e04360b492dd8c53420b29093cfefc43
ZXVAD_C04_MECHANISM_AUDIT_3090_20261009,CF_SHUFFLE_A10_P50_s17,CF_SHUFFLE_A10_P50,17,0,5000,avenue,15240,PSNR,0.8428241135416179,True,False,22f578355ab66a7bc0783e3aa5476995355ae2b4108f2ed0c2596338162da02a,e453ab8548adb67c66a7320657591be4078c8fa444a0e553f796c339ee616085,9a957e76bfe857e146a5c61dcdb99562e04360b492dd8c53420b29093cfefc43
ZXVAD_C04_MECHANISM_AUDIT_3090_20261009,B1_s17,B1,17,1,5000,ped1,7056,PSNR,0.753659392959234,True,False,ff9971e734b0298ddb5441e9e4d52c83b4359ace6cc363ddf1e8291ff118f907,e453ab8548adb67c66a7320657591be4078c8fa444a0e553f796c339ee616085,15a0840c241cd586da42ae011f6381f0db7e95f715b7837d6f1c502f072f539b
ZXVAD_C04_MECHANISM_AUDIT_3090_20261009,B1_s17,B1,17,1,5000,ped2,1962,PSNR,0.8977023319615912,True,False,2c8dcc040a3055b9dd99d57444bf7d9d133b4441b28f3a423903fa897962e172,e453ab8548adb67c66a7320657591be4078c8fa444a0e553f796c339ee616085,15a0840c241cd586da42ae011f6381f0db7e95f715b7837d6f1c502f072f539b
ZXVAD_C04_MECHANISM_AUDIT_3090_20261009,B1_s17,B1,17,1,5000,avenue,15240,PSNR,0.8425303058691274,True,False,d2164fbb3fb6987d83853546c7b18525a07518cb8522a9717ab8debcadc7ad9a,e453ab8548adb67c66a7320657591be4078c8fa444a0e553f796c339ee616085,15a0840c241cd586da42ae011f6381f0db7e95f715b7837d6f1c502f072f539b
ZXVAD_C04_MECHANISM_AUDIT_3090_20261009,NC_PRED_s17,NC_PRED,17,1,5000,ped1,7056,PSNR,0.7420549475526063,True,False,e43e51df0cfb76cb061438cdd3c18f021c9a3f0473861a6b82a8bf79e090ec29,e453ab8548adb67c66a7320657591be4078c8fa444a0e553f796c339ee616085,cad36c4bfe344c83cd8323e40b7a2d0eeab63bb79aeda985205f7cd1010522a4
ZXVAD_C04_MECHANISM_AUDIT_3090_20261009,NC_PRED_s17,NC_PRED,17,1,5000,ped2,1962,PSNR,0.8906062739152408,True,False,c3c63f3e92240d34cffad7a32fded0ad8dd2188fa4d831061fc200b268019a64,e453ab8548adb67c66a7320657591be4078c8fa444a0e553f796c339ee616085,cad36c4bfe344c83cd8323e40b7a2d0eeab63bb79aeda985205f7cd1010522a4
ZXVAD_C04_MECHANISM_AUDIT_3090_20261009,NC_PRED_s17,NC_PRED,17,1,5000,avenue,15240,PSNR,0.8472837369431824,True,False,600d9774f617057bd57fe9f75b1a8a7ca3260e162ef76fb9700a50f0238fbe47,e453ab8548adb67c66a7320657591be4078c8fa444a0e553f796c339ee616085,cad36c4bfe344c83cd8323e40b7a2d0eeab63bb79aeda985205f7cd1010522a4
ZXVAD_C04_MECHANISM_AUDIT_3090_20261009,NC_MIX50_s17,NC_MIX50,17,1,5000,ped1,7056,PSNR,0.7420549475526063,True,False,bc5b9a2150928f2b6e22d2204e755428e10802b902d2e4ade90a950d615fa1f4,e453ab8548adb67c66a7320657591be4078c8fa444a0e553f796c339ee616085,4935a8948baef3a3359fe2afef0844a59d6e6154d59932f441b803332ba6869d
ZXVAD_C04_MECHANISM_AUDIT_3090_20261009,NC_MIX50_s17,NC_MIX50,17,1,5000,ped2,1962,PSNR,0.8906062739152408,True,False,66c4ea436fe004ff33b24f8d3faca610c62559de34e7a61c6cc44135948a28f9,e453ab8548adb67c66a7320657591be4078c8fa444a0e553f796c339ee616085,4935a8948baef3a3359fe2afef0844a59d6e6154d59932f441b803332ba6869d
ZXVAD_C04_MECHANISM_AUDIT_3090_20261009,NC_MIX50_s17,NC_MIX50,17,1,5000,avenue,15240,PSNR,0.8472837369431824,True,False,d5ef3243d37452ca0e658662d198f9914f5fa160995be883ff2e1d9f9a484452,e453ab8548adb67c66a7320657591be4078c8fa444a0e553f796c339ee616085,4935a8948baef3a3359fe2afef0844a59d6e6154d59932f441b803332ba6869d
ZXVAD_C04_MECHANISM_AUDIT_3090_20261009,NC_OFF_s17,NC_OFF,17,1,5000,ped1,7056,PSNR,0.7407911278342706,True,False,b22a842fcb005b3c0cc27e86e2fb77aa1477f43106d15c50cd6a1d86b2b537a5,e453ab8548adb67c66a7320657591be4078c8fa444a0e553f796c339ee616085,0fc5607c41bdbfd25ad9d347754191f5cff250df82b91b2164cea445bd334d6e
ZXVAD_C04_MECHANISM_AUDIT_3090_20261009,NC_OFF_s17,NC_OFF,17,1,5000,ped2,1962,PSNR,0.8575906071763771,True,False,c24ee9bd8ffadadb586f4be539928b24938352e4bd250b8f07e29c96c2f20e98,e453ab8548adb67c66a7320657591be4078c8fa444a0e553f796c339ee616085,0fc5607c41bdbfd25ad9d347754191f5cff250df82b91b2164cea445bd334d6e
ZXVAD_C04_MECHANISM_AUDIT_3090_20261009,NC_OFF_s17,NC_OFF,17,1,5000,avenue,15240,PSNR,0.8366231205208675,True,False,07469196fdccdd12cc3040466212730b8fce6c64c027aa9d311571c0e12d2916,e453ab8548adb67c66a7320657591be4078c8fa444a0e553f796c339ee616085,0fc5607c41bdbfd25ad9d347754191f5cff250df82b91b2164cea445bd334d6e
ZXVAD_C04_MECHANISM_AUDIT_3090_20261009,CF_PHOTO_A20_P25_s17,CF_PHOTO_A20_P25,17,1,5000,ped1,7056,PSNR,0.7530421843842836,True,False,5048d67fd21483b23d19d3f1c383f268f68f4933004bc2ad5d8d0b5c8456dcbf,e453ab8548adb67c66a7320657591be4078c8fa444a0e553f796c339ee616085,e5d2b7d73febc5a9f5df77108e00ee7f44182654742a4dda0d422064907b9c54
ZXVAD_C04_MECHANISM_AUDIT_3090_20261009,CF_PHOTO_A20_P25_s17,CF_PHOTO_A20_P25,17,1,5000,ped2,1962,PSNR,0.8949859215941087,True,False,3d41889940244cc38509efa65636e127f88a0c414e66a1e74b6e7993fba631c0,e453ab8548adb67c66a7320657591be4078c8fa444a0e553f796c339ee616085,e5d2b7d73febc5a9f5df77108e00ee7f44182654742a4dda0d422064907b9c54
ZXVAD_C04_MECHANISM_AUDIT_3090_20261009,CF_PHOTO_A20_P25_s17,CF_PHOTO_A20_P25,17,1,5000,avenue,15240,PSNR,0.84707058878636,True,False,a27fa59ed604a9653dad2f8efef07c0c83c03a9cee6ae28de212ba12f6213a0e,e453ab8548adb67c66a7320657591be4078c8fa444a0e553f796c339ee616085,e5d2b7d73febc5a9f5df77108e00ee7f44182654742a4dda0d422064907b9c54
ZXVAD_C04_MECHANISM_AUDIT_3090_20261009,CF_NOISE_A20_P25_s17,CF_NOISE_A20_P25,17,1,5000,ped1,7056,PSNR,0.7451804528453548,True,False,3fadb4f682bd0f47419bd448a8af49b3bb9fc896e1b3eaa0e9aaa42697a752eb,e453ab8548adb67c66a7320657591be4078c8fa444a0e553f796c339ee616085,e5004d66471fc509522b05255a61fb7b29e15bafb9b7b69c296bc96b95cc337d
ZXVAD_C04_MECHANISM_AUDIT_3090_20261009,CF_NOISE_A20_P25_s17,CF_NOISE_A20_P25,17,1,5000,ped2,1962,PSNR,0.8930185546169952,True,False,f7989bdbe6636ae880306a9fb503d1f4feede4320ab9809ced5e77db39fdddd3,e453ab8548adb67c66a7320657591be4078c8fa444a0e553f796c339ee616085,e5004d66471fc509522b05255a61fb7b29e15bafb9b7b69c296bc96b95cc337d
ZXVAD_C04_MECHANISM_AUDIT_3090_20261009,CF_NOISE_A20_P25_s17,CF_NOISE_A20_P25,17,1,5000,avenue,15240,PSNR,0.8500134549627617,True,False,6862c09b720b75fc36f5f843eb04edb1aa49a28adf814c7bbeacf2b2a4404165,e453ab8548adb67c66a7320657591be4078c8fa444a0e553f796c339ee616085,e5004d66471fc509522b05255a61fb7b29e15bafb9b7b69c296bc96b95cc337d
ZXVAD_C04_MECHANISM_AUDIT_3090_20261009,CF_SELF_A20_P25_s17,CF_SELF_A20_P25,17,1,5000,ped1,7056,PSNR,0.7668798346062587,True,False,28f691887b6a0b9f4ed49ac3ce80f7025e6b0b1cb5722f230ef9d6b2fff0c8b1,e453ab8548adb67c66a7320657591be4078c8fa444a0e553f796c339ee616085,9ba25f71b6a9f6df9bc9a33b87359c67cc7185fe13d9a0dadec61441df1f2202
ZXVAD_C04_MECHANISM_AUDIT_3090_20261009,CF_SELF_A20_P25_s17,CF_SELF_A20_P25,17,1,5000,ped2,1962,PSNR,0.9099866435636416,True,False,6d8732c19856dee99c84c85111b04a3ec251314b0f146c7ea6819977a5e58349,e453ab8548adb67c66a7320657591be4078c8fa444a0e553f796c339ee616085,9ba25f71b6a9f6df9bc9a33b87359c67cc7185fe13d9a0dadec61441df1f2202
ZXVAD_C04_MECHANISM_AUDIT_3090_20261009,CF_SELF_A20_P25_s17,CF_SELF_A20_P25,17,1,5000,avenue,15240,PSNR,0.8298656143144878,True,False,83d7f810f10ebc83a4b46f654f84812eb6683cf6a370ac5b360771fe0d0d1904,e453ab8548adb67c66a7320657591be4078c8fa444a0e553f796c339ee616085,9ba25f71b6a9f6df9bc9a33b87359c67cc7185fe13d9a0dadec61441df1f2202
ZXVAD_C04_MECHANISM_AUDIT_3090_20261009,CF_STATIC_A20_P25_s17,CF_STATIC_A20_P25,17,1,5000,ped1,7056,PSNR,0.6934496393707507,True,False,80315905e79edabc47ae4ddb2f4122c575ae8c74168425361ff94d7129f05f6a,e453ab8548adb67c66a7320657591be4078c8fa444a0e553f796c339ee616085,a91592a281b66a5b5f4deba3a509b2de9026575f10410e67467187b03aeb955e
ZXVAD_C04_MECHANISM_AUDIT_3090_20261009,CF_STATIC_A20_P25_s17,CF_STATIC_A20_P25,17,1,5000,ped2,1962,PSNR,0.7122085048010974,True,False,b1a05b237c01b481a097b161215000c1afcfdf1be866033eb9758ad45a50efea,e453ab8548adb67c66a7320657591be4078c8fa444a0e553f796c339ee616085,a91592a281b66a5b5f4deba3a509b2de9026575f10410e67467187b03aeb955e
ZXVAD_C04_MECHANISM_AUDIT_3090_20261009,CF_STATIC_A20_P25_s17,CF_STATIC_A20_P25,17,1,5000,avenue,15240,PSNR,0.5876862616515997,True,False,c41c0c14cb76a8123745eef086b97456110e596ee08ef7573d6b03713e73f551,e453ab8548adb67c66a7320657591be4078c8fa444a0e553f796c339ee616085,a91592a281b66a5b5f4deba3a509b2de9026575f10410e67467187b03aeb955e
ZXVAD_C04_MECHANISM_AUDIT_3090_20261009,CF_MOVE_A20_P25_s17,CF_MOVE_A20_P25,17,1,5000,ped1,7056,PSNR,0.756342183083864,True,False,5148fd752eef3aaa6420fe2e50118616bec3ee84f71b2481a0a76137a7b4692b,e453ab8548adb67c66a7320657591be4078c8fa444a0e553f796c339ee616085,c25fa77a85bd3faafb150b12a72224ad24ff36552f4d9b3ee49d38d1b4710dfc
ZXVAD_C04_MECHANISM_AUDIT_3090_20261009,CF_MOVE_A20_P25_s17,CF_MOVE_A20_P25,17,1,5000,ped2,1962,PSNR,0.9205833513825716,True,False,0fd9386e3286e514138b2f6c7295bcd831fc146ae1e8b6f9b5278f71d9422976,e453ab8548adb67c66a7320657591be4078c8fa444a0e553f796c339ee616085,c25fa77a85bd3faafb150b12a72224ad24ff36552f4d9b3ee49d38d1b4710dfc
ZXVAD_C04_MECHANISM_AUDIT_3090_20261009,CF_MOVE_A20_P25_s17,CF_MOVE_A20_P25,17,1,5000,avenue,15240,PSNR,0.844623987071994,True,False,bbe72142e4df303b1e700f3745658b3b42d0ef9dfc2a77624f7058d50d2cec0a,e453ab8548adb67c66a7320657591be4078c8fa444a0e553f796c339ee616085,c25fa77a85bd3faafb150b12a72224ad24ff36552f4d9b3ee49d38d1b4710dfc
ZXVAD_C04_MECHANISM_AUDIT_3090_20261009,CF_SHUFFLE_A20_P25_s17,CF_SHUFFLE_A20_P25,17,1,5000,ped1,7056,PSNR,0.7533097927401092,True,False,d180e6602bd1942dfbe28c411ca0e95b0e31a35c03e79266286af8a9149523cb,e453ab8548adb67c66a7320657591be4078c8fa444a0e553f796c339ee616085,9b40732b7dd4575455081502ea2d9d36be217b23b0816448cf5ce4a14b60bcb8
ZXVAD_C04_MECHANISM_AUDIT_3090_20261009,CF_SHUFFLE_A20_P25_s17,CF_SHUFFLE_A20_P25,17,1,5000,ped2,1962,PSNR,0.9068596130243304,True,False,f1165ee37d03a8e331286990d56091e411dce741bf4b1f5f5819ebd14926252e,e453ab8548adb67c66a7320657591be4078c8fa444a0e553f796c339ee616085,9b40732b7dd4575455081502ea2d9d36be217b23b0816448cf5ce4a14b60bcb8
ZXVAD_C04_MECHANISM_AUDIT_3090_20261009,CF_SHUFFLE_A20_P25_s17,CF_SHUFFLE_A20_P25,17,1,5000,avenue,15240,PSNR,0.84675620637969,True,False,874fd3a4b6dada00df792ded5cab6161c8cd4e35bc802ac8e221e7f7d6eb0338,e453ab8548adb67c66a7320657591be4078c8fa444a0e553f796c339ee616085,9b40732b7dd4575455081502ea2d9d36be217b23b0816448cf5ce4a14b60bcb8
ZXVAD_C04_MECHANISM_AUDIT_3090_20261009,CF_PHOTO_A20_P50_s17,CF_PHOTO_A20_P50,17,1,5000,ped1,7056,PSNR,0.7513043658193138,True,False,8d7756383ab04e020f3de5b0beca30fa10d206354c65613794a4bd05eb3db851,e453ab8548adb67c66a7320657591be4078c8fa444a0e553f796c339ee616085,bb5097ddfc26a37cf8e128cfe44bfff3acd0b302d741c08cd5248df7da053c2c
ZXVAD_C04_MECHANISM_AUDIT_3090_20261009,CF_PHOTO_A20_P50_s17,CF_PHOTO_A20_P50,17,1,5000,ped2,1962,PSNR,0.887238286044329,True,False,b26afd51bf3d36a7f3e23c06189821c240fa7a0540a8af84c89c6822c7ebdf47,e453ab8548adb67c66a7320657591be4078c8fa444a0e553f796c339ee616085,bb5097ddfc26a37cf8e128cfe44bfff3acd0b302d741c08cd5248df7da053c2c
ZXVAD_C04_MECHANISM_AUDIT_3090_20261009,CF_PHOTO_A20_P50_s17,CF_PHOTO_A20_P50,17,1,5000,avenue,15240,PSNR,0.8445558574172093,True,False,64c3827e8703c4c8d15163c476f0638bf7cee98d40e33ca2275aa647175b3b33,e453ab8548adb67c66a7320657591be4078c8fa444a0e553f796c339ee616085,bb5097ddfc26a37cf8e128cfe44bfff3acd0b302d741c08cd5248df7da053c2c
ZXVAD_C04_MECHANISM_AUDIT_3090_20261009,CF_NOISE_A20_P50_s17,CF_NOISE_A20_P50,17,1,5000,ped1,7056,PSNR,0.7492066009297754,True,False,9cf33f57aefd63cc30a4caeb93fe4c2b620419af7209340e2ce98e92888bc7ff,e453ab8548adb67c66a7320657591be4078c8fa444a0e553f796c339ee616085,ff46338774a6f6cdf2a4e1548e0fabc3e866c0523a3ee932e3d3ba8b2b1b4d12
ZXVAD_C04_MECHANISM_AUDIT_3090_20261009,CF_NOISE_A20_P50_s17,CF_NOISE_A20_P50,17,1,5000,ped2,1962,PSNR,0.8951501696628402,True,False,1c93b1d3acc2e283871614fd208bdfa1e6e6f4816c782d94dbff360fc1f824fa,e453ab8548adb67c66a7320657591be4078c8fa444a0e553f796c339ee616085,ff46338774a6f6cdf2a4e1548e0fabc3e866c0523a3ee932e3d3ba8b2b1b4d12
ZXVAD_C04_MECHANISM_AUDIT_3090_20261009,CF_NOISE_A20_P50_s17,CF_NOISE_A20_P50,17,1,5000,avenue,15240,PSNR,0.8454416717410651,True,False,8bc8dc27a2e99975e642858ffa278b800f842b3d5d4a6f62c1865d05401a8200,e453ab8548adb67c66a7320657591be4078c8fa444a0e553f796c339ee616085,ff46338774a6f6cdf2a4e1548e0fabc3e866c0523a3ee932e3d3ba8b2b1b4d12
ZXVAD_C04_MECHANISM_AUDIT_3090_20261009,CF_SELF_A20_P50_s17,CF_SELF_A20_P50,17,1,5000,ped1,7056,PSNR,0.7510879154789433,True,False,762882a3cc6cb93d38c5b9b87152439d2f648f478bf76748dd7f64673721320b,e453ab8548adb67c66a7320657591be4078c8fa444a0e553f796c339ee616085,08258bbf18f2b40d23a730f1b9baa90f9a515c596face7662d93946110137eea
ZXVAD_C04_MECHANISM_AUDIT_3090_20261009,CF_SELF_A20_P50_s17,CF_SELF_A20_P50,17,1,5000,ped2,1962,PSNR,0.9005171106779294,True,False,57b2c0bbaa7adb04014530e394e26b0b670f579082bba10d4bb9ec50f16f48dc,e453ab8548adb67c66a7320657591be4078c8fa444a0e553f796c339ee616085,08258bbf18f2b40d23a730f1b9baa90f9a515c596face7662d93946110137eea
ZXVAD_C04_MECHANISM_AUDIT_3090_20261009,CF_SELF_A20_P50_s17,CF_SELF_A20_P50,17,1,5000,avenue,15240,PSNR,0.7738427795212891,True,False,521e9e15a06933492891394ef42ed443881fd7ffbce25b70d2d29ae6e62c488b,e453ab8548adb67c66a7320657591be4078c8fa444a0e553f796c339ee616085,08258bbf18f2b40d23a730f1b9baa90f9a515c596face7662d93946110137eea
ZXVAD_C04_MECHANISM_AUDIT_3090_20261009,CF_STATIC_A20_P50_s17,CF_STATIC_A20_P50,17,1,5000,ped1,7056,PSNR,0.7137435456455041,True,False,ea7f69b7f37e53d0303139da26c38e92296cdff193085f87a3e78197ba504ba7,e453ab8548adb67c66a7320657591be4078c8fa444a0e553f796c339ee616085,e3c5c21619729bbf1cbb9db5b0b3d7424023b31a36b77c07f37dbfec07fb1189
ZXVAD_C04_MECHANISM_AUDIT_3090_20261009,CF_STATIC_A20_P50_s17,CF_STATIC_A20_P50,17,1,5000,ped2,1962,PSNR,0.6729324597501986,True,False,433fdea91cd6e4de2a830ca5b9fb37ade6a0946c13a5b2160072437dd32f473d,e453ab8548adb67c66a7320657591be4078c8fa444a0e553f796c339ee616085,e3c5c21619729bbf1cbb9db5b0b3d7424023b31a36b77c07f37dbfec07fb1189
ZXVAD_C04_MECHANISM_AUDIT_3090_20261009,CF_STATIC_A20_P50_s17,CF_STATIC_A20_P50,17,1,5000,avenue,15240,PSNR,0.3722769099255234,True,False,ec015e8865adfa4b6e941263c7ec13ed9a89328101b251fd604e882ae3cbe473,e453ab8548adb67c66a7320657591be4078c8fa444a0e553f796c339ee616085,e3c5c21619729bbf1cbb9db5b0b3d7424023b31a36b77c07f37dbfec07fb1189
ZXVAD_C04_MECHANISM_AUDIT_3090_20261009,CF_MOVE_A20_P50_s17,CF_MOVE_A20_P50,17,1,5000,ped1,7056,PSNR,0.7580989763244304,True,False,cd76d7d97370aab568d499c7080572aaecc5556a1afedab0d627ccd7728e221f,e453ab8548adb67c66a7320657591be4078c8fa444a0e553f796c339ee616085,ff43818364b978255f86177451a787014e5a14261065037f19970e95708f54cf
ZXVAD_C04_MECHANISM_AUDIT_3090_20261009,CF_MOVE_A20_P50_s17,CF_MOVE_A20_P50,17,1,5000,ped2,1962,PSNR,0.8991191971698794,True,False,bd9ec85bd4d6c8aca53a58486c73e649442b2e99db5966813ba51f6147f2d54e,e453ab8548adb67c66a7320657591be4078c8fa444a0e553f796c339ee616085,ff43818364b978255f86177451a787014e5a14261065037f19970e95708f54cf
ZXVAD_C04_MECHANISM_AUDIT_3090_20261009,CF_MOVE_A20_P50_s17,CF_MOVE_A20_P50,17,1,5000,avenue,15240,PSNR,0.8490555529532999,True,False,ac12909acdeb0128648927412c52fd439266afd6694965e102190afcac6190fc,e453ab8548adb67c66a7320657591be4078c8fa444a0e553f796c339ee616085,ff43818364b978255f86177451a787014e5a14261065037f19970e95708f54cf
ZXVAD_C04_MECHANISM_AUDIT_3090_20261009,CF_SHUFFLE_A20_P50_s17,CF_SHUFFLE_A20_P50,17,1,5000,ped1,7056,PSNR,0.7539909590578027,True,False,ffc3863315918afe7b74f49b4f94b58ae8865b9095757ca6e1830ac47ac9e937,e453ab8548adb67c66a7320657591be4078c8fa444a0e553f796c339ee616085,0eee73524100a831d248b3b7505c63c14e930b47905557973ed15e9317f156b7
ZXVAD_C04_MECHANISM_AUDIT_3090_20261009,CF_SHUFFLE_A20_P50_s17,CF_SHUFFLE_A20_P50,17,1,5000,ped2,1962,PSNR,0.8790105407551801,True,False,cc7ed558d8eeadceaee28527d65d2a8595d77386a4612961dbcada2e5b7c79b9,e453ab8548adb67c66a7320657591be4078c8fa444a0e553f796c339ee616085,0eee73524100a831d248b3b7505c63c14e930b47905557973ed15e9317f156b7
ZXVAD_C04_MECHANISM_AUDIT_3090_20261009,CF_SHUFFLE_A20_P50_s17,CF_SHUFFLE_A20_P50,17,1,5000,avenue,15240,PSNR,0.8678046629818726,True,False,8039b3cd3717257b83844f71b7e3a022f20ff2f30a1da9677d5fd7b8db137217,e453ab8548adb67c66a7320657591be4078c8fa444a0e553f796c339ee616085,0eee73524100a831d248b3b7505c63c14e930b47905557973ed15e9317f156b7
