study,candidate,seed,checkpoint_step,target,frames,AUROC,delta_vs_B_pp
ZXVAD_C04_TNQ_FACTORIAL_3090_20261007,B,17,5000,ped1,7056,0.7562972818041122,0.0
ZXVAD_C04_TNQ_FACTORIAL_3090_20261007,B,17,5000,ped2,1962,0.9169455273987438,0.0
ZXVAD_C04_TNQ_FACTORIAL_3090_20261007,B,17,5000,avenue,15240,0.844874935594173,0.0
ZXVAD_C04_TNQ_FACTORIAL_3090_20261007,T,17,5000,ped1,7056,0.75163486868175,-0.46624131223621523
ZXVAD_C04_TNQ_FACTORIAL_3090_20261007,T,17,5000,ped2,1962,0.913384412677785,-0.3561114720958769
ZXVAD_C04_TNQ_FACTORIAL_3090_20261007,T,17,5000,avenue,15240,0.8422603751932175,-0.26145604009555345
ZXVAD_C04_TNQ_FACTORIAL_3090_20261007,N,17,5000,ped1,7056,0.7513187195071034,-0.49785622970087706
ZXVAD_C04_TNQ_FACTORIAL_3090_20261007,N,17,5000,ped2,1962,0.9135468558226842,-0.3398671576059553
ZXVAD_C04_TNQ_FACTORIAL_3090_20261007,N,17,5000,avenue,15240,0.8434365075647571,-0.14384280294159613
ZXVAD_C04_TNQ_FACTORIAL_3090_20261007,Q,17,5000,ped1,7056,0.7562515626504122,-0.0045719153699996795
ZXVAD_C04_TNQ_FACTORIAL_3090_20261007,Q,17,5000,ped2,1962,0.9182225110100354,0.12769836112915822
ZXVAD_C04_TNQ_FACTORIAL_3090_20261007,Q,17,5000,avenue,15240,0.8462713944447047,0.13964588505316344
ZXVAD_C04_TNQ_FACTORIAL_3090_20261007,TN,17,5000,ped1,7056,0.7564788907142926,0.01816089101804863
ZXVAD_C04_TNQ_FACTORIAL_3090_20261007,TN,17,5000,ped2,1962,0.9027498014583785,-1.4195725940365334
ZXVAD_C04_TNQ_FACTORIAL_3090_20261007,TN,17,5000,avenue,15240,0.844662712539229,-0.02122230549440607
ZXVAD_C04_TNQ_FACTORIAL_3090_20261007,TQ,17,5000,ped1,7056,0.7517318276382998,-0.45654541658123327
ZXVAD_C04_TNQ_FACTORIAL_3090_20261007,TQ,17,5000,ped2,1962,0.9089253483502996,-0.8020179048444209
ZXVAD_C04_TNQ_FACTORIAL_3090_20261007,TQ,17,5000,avenue,15240,0.8390041922338283,-0.5870743360344766
ZXVAD_C04_TNQ_FACTORIAL_3090_20261007,NQ,17,5000,ped1,7056,0.7384663211367336,-1.7830960667378548
ZXVAD_C04_TNQ_FACTORIAL_3090_20261007,NQ,17,5000,ped2,1962,0.8903075590210093,-2.6637968377734467
ZXVAD_C04_TNQ_FACTORIAL_3090_20261007,NQ,17,5000,avenue,15240,0.8344617780692304,-1.0413157524942651
ZXVAD_C04_TNQ_FACTORIAL_3090_20261007,TNQ,17,5000,ped1,7056,0.7582226388653863,0.19253570612741688
ZXVAD_C04_TNQ_FACTORIAL_3090_20261007,TNQ,17,5000,ped2,1962,0.9154284889177676,-0.1517038480976174
ZXVAD_C04_TNQ_FACTORIAL_3090_20261007,TNQ,17,5000,avenue,15240,0.8421577708557778,-0.2717164738395228
