study,arm,recipe,seed,physical_gpu,checkpoint_step,target,frames,AUROC,delta_vs_paired_B_pp
ZXVAD_C04_SCREEN_DUALGPU_3090_20261008,B_s17,B,17,0,5000,ped1,7056,0.7562972818041122,0.0
ZXVAD_C04_SCREEN_DUALGPU_3090_20261008,B_s17,B,17,0,5000,ped2,1962,0.9169455273987438,0.0
ZXVAD_C04_SCREEN_DUALGPU_3090_20261008,B_s17,B,17,0,5000,avenue,15240,0.844874935594173,0.0
ZXVAD_C04_SCREEN_DUALGPU_3090_20261008,S25_s17,S25,17,0,5000,ped1,7056,0.7449131716391085,-1.1384110165003625
ZXVAD_C04_SCREEN_DUALGPU_3090_20261008,S25_s17,S25,17,0,5000,ped2,1962,0.892335390946502,-2.461013645224175
ZXVAD_C04_SCREEN_DUALGPU_3090_20261008,S25_s17,S25,17,0,5000,avenue,15240,0.8433946671975269,-0.14802683966461672
ZXVAD_C04_SCREEN_DUALGPU_3090_20261008,SR25_s17,SR25,17,0,5000,ped1,7056,0.7444015096971633,-1.189577210694881
ZXVAD_C04_SCREEN_DUALGPU_3090_20261008,SR25_s17,SR25,17,0,5000,ped2,1962,0.8789275142588983,-3.801801313984554
ZXVAD_C04_SCREEN_DUALGPU_3090_20261008,SR25_s17,SR25,17,0,5000,avenue,15240,0.8488087966649491,0.393386107077609
ZXVAD_C04_SCREEN_DUALGPU_3090_20261008,C7_s17,C7,17,0,5000,ped1,7056,0.7524293923286531,-0.3867889475459019
ZXVAD_C04_SCREEN_DUALGPU_3090_20261008,C7_s17,C7,17,0,5000,ped2,1962,0.9049563208432604,-1.1989206555483412
ZXVAD_C04_SCREEN_DUALGPU_3090_20261008,C7_s17,C7,17,0,5000,avenue,15240,0.850566701016441,0.5691765422268014
ZXVAD_C04_SCREEN_DUALGPU_3090_20261008,M20_s17,M20,17,1,5000,ped1,7056,0.7574989431023905,0.1201661298278367
ZXVAD_C04_SCREEN_DUALGPU_3090_20261008,M20_s17,M20,17,1,5000,ped2,1962,0.9153111688686737,-0.16343585300701013
ZXVAD_C04_SCREEN_DUALGPU_3090_20261008,M20_s17,M20,17,1,5000,avenue,15240,0.8505975338423345,0.5722598248161459
ZXVAD_C04_SCREEN_DUALGPU_3090_20261008,MR20_s17,MR20,17,1,5000,ped1,7056,0.7461856608212943,-1.0111620982817815
ZXVAD_C04_SCREEN_DUALGPU_3090_20261008,MR20_s17,MR20,17,1,5000,ped2,1962,0.906157497653599,-1.0788029745144811
ZXVAD_C04_SCREEN_DUALGPU_3090_20261008,MR20_s17,MR20,17,1,5000,avenue,15240,0.8461741299358284,0.12991943416553742
ZXVAD_C04_SCREEN_DUALGPU_3090_20261008,U9_s17,U9,17,1,5000,ped1,7056,0.7546563813019947,-0.1640900502117404
ZXVAD_C04_SCREEN_DUALGPU_3090_20261008,U9_s17,U9,17,1,5000,ped2,1962,0.9113863619955238,-0.555916540321999
ZXVAD_C04_SCREEN_DUALGPU_3090_20261008,U9_s17,U9,17,1,5000,avenue,15240,0.8438499227130076,-0.10250128811654102
ZXVAD_C04_SCREEN_DUALGPU_3090_20261008,R50_s17,R50,17,0,5000,ped1,7056,0.7469725373467826,-0.9324744457329559
ZXVAD_C04_SCREEN_DUALGPU_3090_20261008,R50_s17,R50,17,0,5000,ped2,1962,0.8966284022814237,-2.031712511732009
ZXVAD_C04_SCREEN_DUALGPU_3090_20261008,R50_s17,R50,17,0,5000,avenue,15240,0.8446872335940794,-0.01877020000936591
ZXVAD_C04_SCREEN_DUALGPU_3090_20261008,QC03_s17,QC03,17,1,5000,ped1,7056,0.7476644996005912,-0.8632782203520928
ZXVAD_C04_SCREEN_DUALGPU_3090_20261008,QC03_s17,QC03,17,1,5000,ped2,1962,0.9087701249007292,-0.8175402498014628
ZXVAD_C04_SCREEN_DUALGPU_3090_20261008,QC03_s17,QC03,17,1,5000,avenue,15240,0.8431956297718862,-0.1679305822286814
ZXVAD_C04_SCREEN_DUALGPU_3090_20261008,G25_s17,G25,17,0,5000,ped1,7056,0.7528605345804057,-0.343674722370646
ZXVAD_C04_SCREEN_DUALGPU_3090_20261008,G25_s17,G25,17,0,5000,ped2,1962,0.900025268933651,-1.692025846509282
ZXVAD_C04_SCREEN_DUALGPU_3090_20261008,G25_s17,G25,17,0,5000,avenue,15240,0.8448580612675066,-0.0016874326666416195
ZXVAD_C04_SCREEN_DUALGPU_3090_20261008,C3_s17,C3,17,1,5000,ped1,7056,0.7469097246275668,-0.938755717654538
ZXVAD_C04_SCREEN_DUALGPU_3090_20261008,C3_s17,C3,17,1,5000,ped2,1962,0.8922740235362068,-2.4671503862537025
ZXVAD_C04_SCREEN_DUALGPU_3090_20261008,C3_s17,C3,17,1,5000,avenue,15240,0.8492395662560307,0.436463066185766
ZXVAD_C04_SCREEN_DUALGPU_3090_20261008,CM7_s17,CM7,17,0,5000,ped1,7056,0.7503870383991,-0.5910243405012117
ZXVAD_C04_SCREEN_DUALGPU_3090_20261008,CM7_s17,CM7,17,0,5000,ped2,1962,0.8915376146126633,-2.5407912786080455
ZXVAD_C04_SCREEN_DUALGPU_3090_20261008,CM7_s17,CM7,17,0,5000,avenue,15240,0.8518015832123285,0.6926647618155424
ZXVAD_C04_SCREEN_DUALGPU_3090_20261008,M10_s17,M10,17,1,5000,ped1,7056,0.7471167285238365,-0.9180553280275672
ZXVAD_C04_SCREEN_DUALGPU_3090_20261008,M10_s17,M10,17,1,5000,ped2,1962,0.9045745794527471,-1.237094794599669
ZXVAD_C04_SCREEN_DUALGPU_3090_20261008,M10_s17,M10,17,1,5000,avenue,15240,0.8505327767108529,0.5657841116679885
ZXVAD_C04_SCREEN_DUALGPU_3090_20261008,F9_s17,F9,17,1,5000,ped1,7056,0.7537158262616543,-0.2581455542457811
ZXVAD_C04_SCREEN_DUALGPU_3090_20261008,F9_s17,F9,17,1,5000,ped2,1962,0.9251615406829832,0.8216013284239376
ZXVAD_C04_SCREEN_DUALGPU_3090_20261008,F9_s17,F9,17,1,5000,avenue,15240,0.8295440301653473,-1.5330905428825758
ZXVAD_C04_SCREEN_DUALGPU_3090_20261008,R100_s17,R100,17,0,5000,ped1,7056,0.7530092240641744,-0.32880577399377886
ZXVAD_C04_SCREEN_DUALGPU_3090_20261008,R100_s17,R100,17,0,5000,ped2,1962,0.8946664500758068,-2.227907732293699
ZXVAD_C04_SCREEN_DUALGPU_3090_20261008,R100_s17,R100,17,0,5000,avenue,15240,0.8435306103330367,-0.13443252611363699
ZXVAD_C04_SCREEN_DUALGPU_3090_20261008,QC01_s17,QC01,17,1,5000,ped1,7056,0.7526109603451363,-0.368632145897585
ZXVAD_C04_SCREEN_DUALGPU_3090_20261008,QC01_s17,QC01,17,1,5000,ped2,1962,0.9140540394195364,-0.2891487979207352
ZXVAD_C04_SCREEN_DUALGPU_3090_20261008,QC01_s17,QC01,17,1,5000,avenue,15240,0.8500150124127593,0.5140076818586303
ZXVAD_C04_SCREEN_DUALGPU_3090_20261008,S12_s17,S12,17,0,5000,ped1,7056,0.7538230904299507,-0.2474191374161494
ZXVAD_C04_SCREEN_DUALGPU_3090_20261008,S12_s17,S12,17,0,5000,ped2,1962,0.8880432820734965,-2.890224532524732
ZXVAD_C04_SCREEN_DUALGPU_3090_20261008,S12_s17,S12,17,0,5000,avenue,15240,0.8442630099770481,-0.06119256171249754
ZXVAD_C04_SCREEN_DUALGPU_3090_20261008,S50_s17,S50,17,0,5000,ped1,7056,0.7538238265165039,-0.24734552876082283
ZXVAD_C04_SCREEN_DUALGPU_3090_20261008,S50_s17,S50,17,0,5000,ped2,1962,0.9033165475416938,-1.3628979857050028
ZXVAD_C04_SCREEN_DUALGPU_3090_20261008,S50_s17,S50,17,0,5000,avenue,15240,0.8462287694974003,0.13538339032272972
ZXVAD_C04_SCREEN_DUALGPU_3090_20261008,C1_s17,C1,17,1,5000,ped1,7056,0.7528737841383653,-0.34234976657468996
ZXVAD_C04_SCREEN_DUALGPU_3090_20261008,C1_s17,C1,17,1,5000,ped2,1962,0.903866146848603,-1.3079380550140796
ZXVAD_C04_SCREEN_DUALGPU_3090_20261008,C1_s17,C1,17,1,5000,avenue,15240,0.8502745561853015,0.5399620591128418
ZXVAD_C04_SCREEN_DUALGPU_3090_20261008,M20W_s17,M20W,17,1,5000,ped1,7056,0.7496029426450355,-0.669433915907669
ZXVAD_C04_SCREEN_DUALGPU_3090_20261008,M20W_s17,M20W,17,1,5000,ped2,1962,0.9063370875749044,-1.060843982383941
ZXVAD_C04_SCREEN_DUALGPU_3090_20261008,M20W_s17,M20W,17,1,5000,avenue,15240,0.8483338680968664,0.3458932502693357
ZXVAD_C04_SCREEN_DUALGPU_3090_20261008,G00_s17,G00,17,0,5000,ped1,7056,0.730782150031942,-2.551513177217013
ZXVAD_C04_SCREEN_DUALGPU_3090_20261008,G00_s17,G00,17,0,5000,ped2,1962,0.865709154573677,-5.123637282506676
ZXVAD_C04_SCREEN_DUALGPU_3090_20261008,G00_s17,G00,17,0,5000,avenue,15240,0.8456823387512296,0.08074031570565188
ZXVAD_C04_SCREEN_DUALGPU_3090_20261008,Tweak_s17,Tweak,17,1,5000,ped1,7056,0.758451275527584,0.21539937234718032
ZXVAD_C04_SCREEN_DUALGPU_3090_20261008,Tweak_s17,Tweak,17,1,5000,ped2,1962,0.9116462710273626,-0.5299256371381178
ZXVAD_C04_SCREEN_DUALGPU_3090_20261008,Tweak_s17,Tweak,17,1,5000,avenue,15240,0.8435375193217481,-0.1337416272424896
